source_repo,source_commit,path,category,review_phase,priority,review_status,assimilation_decision,pqts_target,license_boundary,size_bytes,line_count,sha256,notes
freqtrade/freqtrade,e00a1fd28c03,docs/advanced-backtesting.md,backtesting_validation,P0,high,unreviewed,pending,src/research + scripts/run_real_money_validation.py,GPL-3.0 study-only: do not copy source into PQTS without explicit license decision.,10328,220,052b91d113548f74253697ebef2b820e181eaf70497c1bd8a0fd8b3552a8a699,"Study validation, reporting, lookahead, and optimization workflow patterns."
freqtrade/freqtrade,e00a1fd28c03,docs/assets/freqUI-backtesting-dark.png,backtesting_validation,P0,high,unreviewed,pending,src/research + scripts/run_real_money_validation.py,GPL-3.0 study-only: do not copy source into PQTS without explicit license decision.,95870,284,6124278a4c5d4c36456353cd16610015722d88d9210fe1732e9b3a4795374ce3,"Study validation, reporting, lookahead, and optimization workflow patterns."
freqtrade/freqtrade,e00a1fd28c03,docs/assets/freqUI-backtesting-light.png,backtesting_validation,P0,high,unreviewed,pending,src/research + scripts/run_real_money_validation.py,GPL-3.0 study-only: do not copy source into PQTS without explicit license decision.,93547,295,567ffbd0877cca940354be6b4aa5935b07a6025401686734578abed2be6e0397,"Study validation, reporting, lookahead, and optimization workflow patterns."
freqtrade/freqtrade,e00a1fd28c03,docs/backtesting.md,backtesting_validation,P0,high,unreviewed,pending,src/research + scripts/run_real_money_validation.py,GPL-3.0 study-only: do not copy source into PQTS without explicit license decision.,55207,675,ad02854028a66e19cc505f8c9238341086c660d9d1788017b6e6ee33c8864506,"Study validation, reporting, lookahead, and optimization workflow patterns."
freqtrade/freqtrade,e00a1fd28c03,docs/commands/backtesting-analysis.md,backtesting_validation,P0,high,unreviewed,pending,src/research + scripts/run_real_money_validation.py,GPL-3.0 study-only: do not copy source into PQTS without explicit license decision.,4289,73,c3d0d4c78c96d1e24ac4d73da67d538b4b9f8c298135270e44e8fe4c2d888f94,"Study validation, reporting, lookahead, and optimization workflow patterns."
freqtrade/freqtrade,e00a1fd28c03,docs/commands/backtesting-show.md,backtesting_validation,P0,high,unreviewed,pending,src/research + scripts/run_real_money_validation.py,GPL-3.0 study-only: do not copy source into PQTS without explicit license decision.,2457,45,2af0624282ec61b54be509e8cef4a191006bf4b9b31ef814d4bb10c3d00553b4,"Study validation, reporting, lookahead, and optimization workflow patterns."
freqtrade/freqtrade,e00a1fd28c03,docs/commands/backtesting.md,backtesting_validation,P0,high,unreviewed,pending,src/research + scripts/run_real_money_validation.py,GPL-3.0 study-only: do not copy source into PQTS without explicit license decision.,6619,120,1f390690dff8706241ab3a23def707013dc4fb18694fee0f5a6b43b6a37c9093,"Study validation, reporting, lookahead, and optimization workflow patterns."
freqtrade/freqtrade,e00a1fd28c03,docs/commands/lookahead-analysis.md,backtesting_validation,P0,high,unreviewed,pending,src/research + scripts/run_real_money_validation.py,GPL-3.0 study-only: do not copy source into PQTS without explicit license decision.,6689,120,420504c3a7f057f7313eb47e079a81f5df64b6f0998d5d14f44cca83b0c628d6,"Study validation, reporting, lookahead, and optimization workflow patterns."
freqtrade/freqtrade,e00a1fd28c03,docs/commands/recursive-analysis.md,backtesting_validation,P0,high,unreviewed,pending,src/research + scripts/run_real_money_validation.py,GPL-3.0 study-only: do not copy source into PQTS without explicit license decision.,3072,60,d5bddc168cd8242629b99da0610c3b6cc8b5b323d8d45122854868faace91ff0,"Study validation, reporting, lookahead, and optimization workflow patterns."
freqtrade/freqtrade,e00a1fd28c03,docs/lookahead-analysis.md,backtesting_validation,P0,high,unreviewed,pending,src/research + scripts/run_real_money_validation.py,GPL-3.0 study-only: do not copy source into PQTS without explicit license decision.,6977,108,d0ec85bc9eb911c8dfd408a4935340da666f2a7ade61a3424697c39bdaea4c57,"Study validation, reporting, lookahead, and optimization workflow patterns."
freqtrade/freqtrade,e00a1fd28c03,docs/recursive-analysis.md,backtesting_validation,P0,high,unreviewed,pending,src/research + scripts/run_real_money_validation.py,GPL-3.0 study-only: do not copy source into PQTS without explicit license decision.,6957,70,b03a2bf7f9e2e92a4e0234876f7d3834257669ec4c842dfd08cb913a6ce7e384,"Study validation, reporting, lookahead, and optimization workflow patterns."
freqtrade/freqtrade,e00a1fd28c03,freqtrade/enums/backteststate.py,backtesting_validation,P0,high,unreviewed,pending,src/research + scripts/run_real_money_validation.py,GPL-3.0 study-only: do not copy source into PQTS without explicit license decision.,239,16,cd4c140dc36564c2f1ffd95de69c994e0f1d98fb22e02dff2f7a669df7880639,"Study validation, reporting, lookahead, and optimization workflow patterns."
freqtrade/freqtrade,e00a1fd28c03,freqtrade/ft_types/backtest_result_type.py,backtesting_validation,P0,high,unreviewed,pending,src/research + scripts/run_real_money_validation.py,GPL-3.0 study-only: do not copy source into PQTS without explicit license decision.,1423,62,7908925ec16df94434dc9f65d779c98e806cdf1dd63dc4289c4f77c22dafdb62,"Study validation, reporting, lookahead, and optimization workflow patterns."
freqtrade/freqtrade,e00a1fd28c03,freqtrade/optimize/__init__.py,backtesting_validation,P0,high,unreviewed,pending,src/research + scripts/run_real_money_validation.py,GPL-3.0 study-only: do not copy source into PQTS without explicit license decision.,0,0,e3b0c44298fc1c149afbf4c8996fb92427ae41e4649b934ca495991b7852b855,"Study validation, reporting, lookahead, and optimization workflow patterns."
freqtrade/freqtrade,e00a1fd28c03,freqtrade/optimize/analysis/__init__.py,backtesting_validation,P0,high,unreviewed,pending,src/research + scripts/run_real_money_validation.py,GPL-3.0 study-only: do not copy source into PQTS without explicit license decision.,0,0,e3b0c44298fc1c149afbf4c8996fb92427ae41e4649b934ca495991b7852b855,"Study validation, reporting, lookahead, and optimization workflow patterns."
freqtrade/freqtrade,e00a1fd28c03,freqtrade/optimize/analysis/base_analysis.py,backtesting_validation,P0,high,unreviewed,pending,src/research + scripts/run_real_money_validation.py,GPL-3.0 study-only: do not copy source into PQTS without explicit license decision.,1849,64,e2f38708a0bc37f1fa2c322eb1bad344eae4b6b9093a641a88db0b21609cefdc,"Study validation, reporting, lookahead, and optimization workflow patterns."
freqtrade/freqtrade,e00a1fd28c03,freqtrade/optimize/analysis/lookahead.py,backtesting_validation,P0,high,unreviewed,pending,src/research + scripts/run_real_money_validation.py,GPL-3.0 study-only: do not copy source into PQTS without explicit license decision.,12270,283,ec23a347e74f83b1f5a19b4bcbdfcdd473d02db92af4a50631b655bdf7d435ff,"Study validation, reporting, lookahead, and optimization workflow patterns."
freqtrade/freqtrade,e00a1fd28c03,freqtrade/optimize/analysis/lookahead_helpers.py,backtesting_validation,P0,high,unreviewed,pending,src/research + scripts/run_real_money_validation.py,GPL-3.0 study-only: do not copy source into PQTS without explicit license decision.,11582,277,b8deedaf42988912348e55664e080cb559616d98e9d104816b006f5229cd1e08,"Study validation, reporting, lookahead, and optimization workflow patterns."
freqtrade/freqtrade,e00a1fd28c03,freqtrade/optimize/analysis/recursive.py,backtesting_validation,P0,high,unreviewed,pending,src/research + scripts/run_real_money_validation.py,GPL-3.0 study-only: do not copy source into PQTS without explicit license decision.,9046,224,13a406443935ef229b6aa7b11e77cd285dec25596f22f97b75ea9a987c772b0d,"Study validation, reporting, lookahead, and optimization workflow patterns."
freqtrade/freqtrade,e00a1fd28c03,freqtrade/optimize/analysis/recursive_helpers.py,backtesting_validation,P0,high,unreviewed,pending,src/research + scripts/run_real_money_validation.py,GPL-3.0 study-only: do not copy source into PQTS without explicit license decision.,4435,116,45559fa2f86c65fb7266463e3787859d08b762a0ea262b3a608e90aa25b6a192,"Study validation, reporting, lookahead, and optimization workflow patterns."
freqtrade/freqtrade,e00a1fd28c03,freqtrade/optimize/backtest_caching.py,backtesting_validation,P0,high,unreviewed,pending,src/research + scripts/run_real_money_validation.py,GPL-3.0 study-only: do not copy source into PQTS without explicit license decision.,1497,43,c4df81ed9ff785d20d73847942cec8f32b2aeb4e8b36e33a1fd11154eeb1078d,"Study validation, reporting, lookahead, and optimization workflow patterns."
freqtrade/freqtrade,e00a1fd28c03,freqtrade/optimize/backtesting.py,backtesting_validation,P0,high,unreviewed,pending,src/research + scripts/run_real_money_validation.py,GPL-3.0 study-only: do not copy source into PQTS without explicit license decision.,79516,1908,3b9afdcf9a1df18b02edf5989bd5bdd808ea463522a63867afdd938e33af0b08,"Study validation, reporting, lookahead, and optimization workflow patterns."
freqtrade/freqtrade,e00a1fd28c03,freqtrade/optimize/bt_progress.py,backtesting_validation,P0,high,unreviewed,pending,src/research + scripts/run_real_money_validation.py,GPL-3.0 study-only: do not copy source into PQTS without explicit license decision.,855,34,981a8ca83769e5dc39467c8bcb083ec61756a12385a34ac7e663bfb318c16aae,"Study validation, reporting, lookahead, and optimization workflow patterns."
freqtrade/freqtrade,e00a1fd28c03,freqtrade/optimize/hyperopt/__init__.py,backtesting_validation,P0,high,unreviewed,pending,src/research + scripts/run_real_money_validation.py,GPL-3.0 study-only: do not copy source into PQTS without explicit license decision.,183,5,d4ddc2367514c23a8448a6d291e0f85ceb4ba14f38d6a4602c28928e2e776338,"Study validation, reporting, lookahead, and optimization workflow patterns."
freqtrade/freqtrade,e00a1fd28c03,freqtrade/optimize/hyperopt/hyperopt.py,backtesting_validation,P0,high,unreviewed,pending,src/research + scripts/run_real_money_validation.py,GPL-3.0 study-only: do not copy source into PQTS without explicit license decision.,12807,322,873bae1d1c9f9acf390d6e8a4b0e2807973c35119cde255ea8aee8e8a5210466,"Study validation, reporting, lookahead, and optimization workflow patterns."
freqtrade/freqtrade,e00a1fd28c03,freqtrade/optimize/hyperopt/hyperopt_auto.py,backtesting_validation,P0,high,unreviewed,pending,src/research + scripts/run_real_money_validation.py,GPL-3.0 study-only: do not copy source into PQTS without explicit license decision.,3638,104,ea178d77c81c14a2ebb16345eb399e2c0e9f91f8a018cf5f081254233872ae1e,"Study validation, reporting, lookahead, and optimization workflow patterns."
freqtrade/freqtrade,e00a1fd28c03,freqtrade/optimize/hyperopt/hyperopt_interface.py,backtesting_validation,P0,high,unreviewed,pending,src/research + scripts/run_real_money_validation.py,GPL-3.0 study-only: do not copy source into PQTS without explicit license decision.,8622,217,3f4f96ae279cbe9bb480f93a58c8536406ffa56df9d02f9306b5c566fa7afe2c,"Study validation, reporting, lookahead, and optimization workflow patterns."
freqtrade/freqtrade,e00a1fd28c03,freqtrade/optimize/hyperopt/hyperopt_logger.py,backtesting_validation,P0,high,unreviewed,pending,src/research + scripts/run_real_money_validation.py,GPL-3.0 study-only: do not copy source into PQTS without explicit license decision.,1427,45,701560962ddac5be763c9a9263024f8808f5394af029ae7f1325f36c6b19479e,"Study validation, reporting, lookahead, and optimization workflow patterns."
freqtrade/freqtrade,e00a1fd28c03,freqtrade/optimize/hyperopt/hyperopt_optimizer.py,backtesting_validation,P0,high,unreviewed,pending,src/research + scripts/run_real_money_validation.py,GPL-3.0 study-only: do not copy source into PQTS without explicit license decision.,19868,473,a2e805293e7c883d7028651e3ed77f015b2853cf6f8c0043f894ca8d395cfeab,"Study validation, reporting, lookahead, and optimization workflow patterns."
freqtrade/freqtrade,e00a1fd28c03,freqtrade/optimize/hyperopt/hyperopt_output.py,backtesting_validation,P0,high,unreviewed,pending,src/research + scripts/run_real_money_validation.py,GPL-3.0 study-only: do not copy source into PQTS without explicit license decision.,5619,143,704dd132900b63e24f4684fb2e1040ff9d5bc3882627f840eada0648e347487d,"Study validation, reporting, lookahead, and optimization workflow patterns."
freqtrade/freqtrade,e00a1fd28c03,freqtrade/optimize/hyperopt_epoch_filters.py,backtesting_validation,P0,high,unreviewed,pending,src/research + scripts/run_real_money_validation.py,GPL-3.0 study-only: do not copy source into PQTS without explicit license decision.,4464,122,8c7a6cca188c657ff0973888483d278e476b58995d3cfe0817f5c5aef916e644,"Study validation, reporting, lookahead, and optimization workflow patterns."
freqtrade/freqtrade,e00a1fd28c03,freqtrade/optimize/hyperopt_loss/hyperopt_loss_calmar.py,backtesting_validation,P0,high,unreviewed,pending,src/research + scripts/run_real_money_validation.py,GPL-3.0 study-only: do not copy source into PQTS without explicit license decision.,996,39,42edd49cb6f86344ee3e5e2e30dedd5d02845364673c579d6fbb5b0a00f5eb21,"Study validation, reporting, lookahead, and optimization workflow patterns."
freqtrade/freqtrade,e00a1fd28c03,freqtrade/optimize/hyperopt_loss/hyperopt_loss_interface.py,backtesting_validation,P0,high,unreviewed,pending,src/research + scripts/run_real_money_validation.py,GPL-3.0 study-only: do not copy source into PQTS without explicit license decision.,934,39,b0d6d67cc322e4030c0a65c90630559bd951b9b76197625c80954c3bf9e2b4af,"Study validation, reporting, lookahead, and optimization workflow patterns."
freqtrade/freqtrade,e00a1fd28c03,freqtrade/optimize/hyperopt_loss/hyperopt_loss_max_drawdown.py,backtesting_validation,P0,high,unreviewed,pending,src/research + scripts/run_real_money_validation.py,GPL-3.0 study-only: do not copy source into PQTS without explicit license decision.,1239,45,21e4d32fc2dda16c2d2769ce0968441c92f24a9b5ab0a5193aeef979719a054a,"Study validation, reporting, lookahead, and optimization workflow patterns."
freqtrade/freqtrade,e00a1fd28c03,freqtrade/optimize/hyperopt_loss/hyperopt_loss_max_drawdown_per_pair.py,backtesting_validation,P0,high,unreviewed,pending,src/research + scripts/run_real_money_validation.py,GPL-3.0 study-only: do not copy source into PQTS without explicit license decision.,1931,59,31acbe272dbf63337694bb3dce1d46780fb30dc83e453e2f3462e5a23aafe1c8,"Study validation, reporting, lookahead, and optimization workflow patterns."
freqtrade/freqtrade,e00a1fd28c03,freqtrade/optimize/hyperopt_loss/hyperopt_loss_max_drawdown_relative.py,backtesting_validation,P0,high,unreviewed,pending,src/research + scripts/run_real_money_validation.py,GPL-3.0 study-only: do not copy source into PQTS without explicit license decision.,1382,43,aca9deb36120cd464ef222cab9149dad8b10f6f73c65b92f849e3de450ceee71,"Study validation, reporting, lookahead, and optimization workflow patterns."
freqtrade/freqtrade,e00a1fd28c03,freqtrade/optimize/hyperopt_loss/hyperopt_loss_multi_metric.py,backtesting_validation,P0,high,unreviewed,pending,src/research + scripts/run_real_money_validation.py,GPL-3.0 study-only: do not copy source into PQTS without explicit license decision.,3887,104,e5d92e9bfc1eab053d4c83ad1055a65befdbb2db9143e4b56cad5483b6f51200,"Study validation, reporting, lookahead, and optimization workflow patterns."
freqtrade/freqtrade,e00a1fd28c03,freqtrade/optimize/hyperopt_loss/hyperopt_loss_onlyprofit.py,backtesting_validation,P0,high,unreviewed,pending,src/research + scripts/run_real_money_validation.py,GPL-3.0 study-only: do not copy source into PQTS without explicit license decision.,716,26,87274c976f3c081025af57ef346bec523e608f2b9d25aa36fc8da8dfa1a9acd7,"Study validation, reporting, lookahead, and optimization workflow patterns."
freqtrade/freqtrade,e00a1fd28c03,freqtrade/optimize/hyperopt_loss/hyperopt_loss_profit_drawdown.py,backtesting_validation,P0,high,unreviewed,pending,src/research + scripts/run_real_money_validation.py,GPL-3.0 study-only: do not copy source into PQTS without explicit license decision.,1140,38,50192a266c57f979c785b22f350d448b586fd1c0d9c43347bd03466272ed9d68,"Study validation, reporting, lookahead, and optimization workflow patterns."
freqtrade/freqtrade,e00a1fd28c03,freqtrade/optimize/hyperopt_loss/hyperopt_loss_sharpe.py,backtesting_validation,P0,high,unreviewed,pending,src/research + scripts/run_real_money_validation.py,GPL-3.0 study-only: do not copy source into PQTS without explicit license decision.,989,39,95b3bfdadaedbd9b3573d272b9bd1ea07b068aa85ee251bc4d6e5bbc2ab05b6b,"Study validation, reporting, lookahead, and optimization workflow patterns."
freqtrade/freqtrade,e00a1fd28c03,freqtrade/optimize/hyperopt_loss/hyperopt_loss_sharpe_daily.py,backtesting_validation,P0,high,unreviewed,pending,src/research + scripts/run_real_money_validation.py,GPL-3.0 study-only: do not copy source into PQTS without explicit license decision.,2106,70,305c32bcfe0aaf8c9117e92e3a0d582b8a901148e3bf672709627b2d6c9720b4,"Study validation, reporting, lookahead, and optimization workflow patterns."
freqtrade/freqtrade,e00a1fd28c03,freqtrade/optimize/hyperopt_loss/hyperopt_loss_short_trade_dur.py,backtesting_validation,P0,high,unreviewed,pending,src/research + scripts/run_real_money_validation.py,GPL-3.0 study-only: do not copy source into PQTS without explicit license decision.,1950,57,fbc0b1cad7849f778b48a0ec770dc9de040867d9a73d139882322922ccf23b8f,"Study validation, reporting, lookahead, and optimization workflow patterns."
freqtrade/freqtrade,e00a1fd28c03,freqtrade/optimize/hyperopt_loss/hyperopt_loss_sortino.py,backtesting_validation,P0,high,unreviewed,pending,src/research + scripts/run_real_money_validation.py,GPL-3.0 study-only: do not copy source into PQTS without explicit license decision.,1003,39,22eed4e77ffb44586b962ae0779628146baa69bbc0583af6ca1bbe858e1be0e9,"Study validation, reporting, lookahead, and optimization workflow patterns."
freqtrade/freqtrade,e00a1fd28c03,freqtrade/optimize/hyperopt_loss/hyperopt_loss_sortino_daily.py,backtesting_validation,P0,high,unreviewed,pending,src/research + scripts/run_real_money_validation.py,GPL-3.0 study-only: do not copy source into PQTS without explicit license decision.,2566,78,6a8d3b28afba4751a4b340102ba6c0cdf1ee1d850c9dc279255b0f70c6f855bc,"Study validation, reporting, lookahead, and optimization workflow patterns."
freqtrade/freqtrade,e00a1fd28c03,freqtrade/optimize/hyperopt_tools.py,backtesting_validation,P0,high,unreviewed,pending,src/research + scripts/run_real_money_validation.py,GPL-3.0 study-only: do not copy source into PQTS without explicit license decision.,17182,448,a1da18bb29188cf636df5594037fdf593ac9f95f2b243012e93e0ae2fc19fe43,"Study validation, reporting, lookahead, and optimization workflow patterns."
freqtrade/freqtrade,e00a1fd28c03,freqtrade/optimize/optimize_reports/__init__.py,backtesting_validation,P0,high,unreviewed,pending,src/research + scripts/run_real_money_validation.py,GPL-3.0 study-only: do not copy source into PQTS without explicit license decision.,862,27,042d2c3200beb22e6edcf7895c639665176eded1dea98713fe393d3f773bb617,"Study validation, reporting, lookahead, and optimization workflow patterns."
freqtrade/freqtrade,e00a1fd28c03,freqtrade/optimize/optimize_reports/bt_output.py,backtesting_validation,P0,high,unreviewed,pending,src/research + scripts/run_real_money_validation.py,GPL-3.0 study-only: do not copy source into PQTS without explicit license decision.,23055,593,c8cdea89e6d8d79b687f8c45ba81a99532101b2613cf9cbb6c8a13d2c27ed9fb,"Study validation, reporting, lookahead, and optimization workflow patterns."
freqtrade/freqtrade,e00a1fd28c03,freqtrade/optimize/optimize_reports/bt_storage.py,backtesting_validation,P0,high,unreviewed,pending,src/research + scripts/run_real_money_validation.py,GPL-3.0 study-only: do not copy source into PQTS without explicit license decision.,6305,150,1188cb6d128fbeb8b20c7b735bb7de6f8235872030c9eae466f9fe3536f40e18,"Study validation, reporting, lookahead, and optimization workflow patterns."
freqtrade/freqtrade,e00a1fd28c03,freqtrade/optimize/optimize_reports/optimize_reports.py,backtesting_validation,P0,high,unreviewed,pending,src/research + scripts/run_real_money_validation.py,GPL-3.0 study-only: do not copy source into PQTS without explicit license decision.,32187,830,e9033941993746c25bdc4e1cc7b5e16ec498a3a7de32457d6a92dbeb72fc0dfb,"Study validation, reporting, lookahead, and optimization workflow patterns."
freqtrade/freqtrade,e00a1fd28c03,freqtrade/optimize/space/__init__.py,backtesting_validation,P0,high,unreviewed,pending,src/research + scripts/run_real_money_validation.py,GPL-3.0 study-only: do not copy source into PQTS without explicit license decision.,410,16,fa7aee9e2820a693d98108f8e789e752904d33fbbd480f07aa59e4c8354fb5d9,"Study validation, reporting, lookahead, and optimization workflow patterns."
freqtrade/freqtrade,e00a1fd28c03,freqtrade/optimize/space/decimalspace.py,backtesting_validation,P0,high,unreviewed,pending,src/research + scripts/run_real_money_validation.py,GPL-3.0 study-only: do not copy source into PQTS without explicit license decision.,1194,35,ab57a17e05e8f56e039521d6613c01958e427148e84234a3d01ccbb9287155d5,"Study validation, reporting, lookahead, and optimization workflow patterns."
freqtrade/freqtrade,e00a1fd28c03,freqtrade/optimize/space/optunaspaces.py,backtesting_validation,P0,high,unreviewed,pending,src/research + scripts/run_real_money_validation.py,GPL-3.0 study-only: do not copy source into PQTS without explicit license decision.,1504,59,9efa8a48af1a44265d9ad8b57a68b0bd446160401058ef090692fa5bede748df,"Study validation, reporting, lookahead, and optimization workflow patterns."
freqtrade/freqtrade,e00a1fd28c03,freqtrade/rpc/api_server/api_backtest.py,backtesting_validation,P0,high,unreviewed,pending,src/research + scripts/run_real_money_validation.py,GPL-3.0 study-only: do not copy source into PQTS without explicit license decision.,14117,390,cf1097cc2e4acc37f22fdc886d200ab4d6d9ca14597a19851fd4063a1469ed14,"Study validation, reporting, lookahead, and optimization workflow patterns."
freqtrade/freqtrade,e00a1fd28c03,tests/freqai/test_freqai_backtesting.py,backtesting_validation,P0,high,unreviewed,pending,src/research + scripts/run_real_money_validation.py,GPL-3.0 study-only: do not copy source into PQTS without explicit license decision.,5723,167,4869564919de9544de9694cc4f8c20b9894699c2bbf50f745eb83f487eb178e5,"Study validation, reporting, lookahead, and optimization workflow patterns."
freqtrade/freqtrade,e00a1fd28c03,tests/optimize/test_backtest_detail.py,backtesting_validation,P0,high,unreviewed,pending,src/research + scripts/run_real_money_validation.py,GPL-3.0 study-only: do not copy source into PQTS without explicit license decision.,51503,1406,9bfc841da8ad2b85c58e542f3c8920b72fb236b117039336f4b98067a917c758,"Study validation, reporting, lookahead, and optimization workflow patterns."
freqtrade/freqtrade,e00a1fd28c03,tests/optimize/test_backtesting.py,backtesting_validation,P0,high,unreviewed,pending,src/research + scripts/run_real_money_validation.py,GPL-3.0 study-only: do not copy source into PQTS without explicit license decision.,104630,2818,99e9195695d92429453ef04aace384bcb0be347c9bd9808a6da2ef83ff561a76,"Study validation, reporting, lookahead, and optimization workflow patterns."
freqtrade/freqtrade,e00a1fd28c03,tests/optimize/test_backtesting_adjust_position.py,backtesting_validation,P0,high,unreviewed,pending,src/research + scripts/run_real_money_validation.py,GPL-3.0 study-only: do not copy source into PQTS without explicit license decision.,9504,228,cf9a0c8fb932137caad74b2aee6a473b433e3451c6cbad50329ccfa63c52d5e0,"Study validation, reporting, lookahead, and optimization workflow patterns."
freqtrade/freqtrade,e00a1fd28c03,tests/optimize/test_lookahead_analysis.py,backtesting_validation,P0,high,unreviewed,pending,src/research + scripts/run_real_money_validation.py,GPL-3.0 study-only: do not copy source into PQTS without explicit license decision.,17962,502,1adb74407306c89def23e41ce671772b6346738d8e130ce2af2c8c2862fcc0cd,"Study validation, reporting, lookahead, and optimization workflow patterns."
freqtrade/freqtrade,e00a1fd28c03,tests/optimize/test_recursive_analysis.py,backtesting_validation,P0,high,unreviewed,pending,src/research + scripts/run_real_money_validation.py,GPL-3.0 study-only: do not copy source into PQTS without explicit license decision.,6782,184,7b1bdcfd562b371939fc15244e9420c7184a0df3c52b557a8dc101eb0211c811,"Study validation, reporting, lookahead, and optimization workflow patterns."
freqtrade/freqtrade,e00a1fd28c03,tests/strategy/strats/lookahead_bias/strategy_test_v3_with_lookahead_bias.py,backtesting_validation,P0,high,unreviewed,pending,src/research + scripts/run_real_money_validation.py,GPL-3.0 study-only: do not copy source into PQTS without explicit license decision.,1972,53,5e449f2a0fef9dddcdb0aa4d87c26290e6ac95897a3745d76654c6c6ae7d7a6e,"Study validation, reporting, lookahead, and optimization workflow patterns."
freqtrade/freqtrade,e00a1fd28c03,tests/strategy/strats/strategy_test_v3_recursive_issue.py,backtesting_validation,P0,high,unreviewed,pending,src/research + scripts/run_real_money_validation.py,GPL-3.0 study-only: do not copy source into PQTS without explicit license decision.,1584,45,ff273a3966df7f57a26683b4c7d397e18731c1308754e0523820e6b2bb7ce69b,"Study validation, reporting, lookahead, and optimization workflow patterns."
freqtrade/freqtrade,e00a1fd28c03,tests/testdata/backtest_results/.last_result.json,backtesting_validation,P0,high,unreviewed,pending,src/research + scripts/run_real_money_validation.py,GPL-3.0 study-only: do not copy source into PQTS without explicit license decision.,43,1,7185c77870394a00610d076343035428477c68eadc47a1c6a5eaf335d271f8e6,"Study validation, reporting, lookahead, and optimization workflow patterns."
freqtrade/freqtrade,e00a1fd28c03,tests/testdata/backtest_results/backtest-result.json,backtesting_validation,P0,high,unreviewed,pending,src/research + scripts/run_real_money_validation.py,GPL-3.0 study-only: do not copy source into PQTS without explicit license decision.,132375,1,2d067ed77338c9c44fe46a70c7976e20aa09cd033be0504dab7ee67e936ef34d,"Study validation, reporting, lookahead, and optimization workflow patterns."
freqtrade/freqtrade,e00a1fd28c03,tests/testdata/backtest_results/backtest-result.meta.json,backtesting_validation,P0,high,unreviewed,pending,src/research + scripts/run_real_money_validation.py,GPL-3.0 study-only: do not copy source into PQTS without explicit license decision.,138,6,4ee0840b522473f9c0f36d5410075b660118d849010e88f78200a021de1be987,"Study validation, reporting, lookahead, and optimization workflow patterns."
freqtrade/freqtrade,e00a1fd28c03,tests/testdata/backtest_results/backtest-result_multistrat.json,backtesting_validation,P0,high,unreviewed,pending,src/research + scripts/run_real_money_validation.py,GPL-3.0 study-only: do not copy source into PQTS without explicit license decision.,235499,1,ae17bf91805d93763860291c27da72596779fdf1b5348440ee04d62481fad937,"Study validation, reporting, lookahead, and optimization workflow patterns."
freqtrade/freqtrade,e00a1fd28c03,tests/testdata/backtest_results/backtest-result_multistrat.meta.json,backtesting_validation,P0,high,unreviewed,pending,src/research + scripts/run_real_money_validation.py,GPL-3.0 study-only: do not copy source into PQTS without explicit license decision.,271,10,f76b5a556fd30bd55c231fcf410fa5d6ba56433a088a7dbca8a1d3f8451410c2,"Study validation, reporting, lookahead, and optimization workflow patterns."
freqtrade/freqtrade,e00a1fd28c03,tests/testdata/testconfigs/recursive.json,backtesting_validation,P0,high,unreviewed,pending,src/research + scripts/run_real_money_validation.py,GPL-3.0 study-only: do not copy source into PQTS without explicit license decision.,123,6,4d33a872cf4427b960b99bc73cc0f36a870782682887dfb8de5517e0f7e616c2,"Study validation, reporting, lookahead, and optimization workflow patterns."
freqtrade/freqtrade,e00a1fd28c03,user_data/backtest_results/.gitkeep,backtesting_validation,P0,high,unreviewed,pending,src/research + scripts/run_real_money_validation.py,GPL-3.0 study-only: do not copy source into PQTS without explicit license decision.,0,0,e3b0c44298fc1c149afbf4c8996fb92427ae41e4649b934ca495991b7852b855,"Study validation, reporting, lookahead, and optimization workflow patterns."
freqtrade/freqtrade,e00a1fd28c03,CONTRIBUTING.md,repo_metadata,P0,high,unreviewed,pending,docs/assimilation + dependency policy,GPL-3.0 study-only: do not copy source into PQTS without explicit license decision.,5808,137,ef5a6961517f0975262159c05f5e6ed50dab3aaa345d4f4e31e3cfa9fdb8d3b4,"Start here to understand scope, license, install surface, and config idioms."
freqtrade/freqtrade,e00a1fd28c03,LICENSE,repo_metadata,P0,high,unreviewed,pending,docs/assimilation + dependency policy,GPL-3.0 study-only: do not copy source into PQTS without explicit license decision.,35141,674,589ed823e9a84c56feb95ac58e7cf384626b9cbf4fda2a907bc36e103de1bad2,"Start here to understand scope, license, install surface, and config idioms."
freqtrade/freqtrade,e00a1fd28c03,README.md,repo_metadata,P0,high,unreviewed,pending,docs/assimilation + dependency policy,GPL-3.0 study-only: do not copy source into PQTS without explicit license decision.,12732,235,c2ce303e787ddb6914fdf8e61afc46d5b0ce94d8077bf9c2e005b6b4d949d26d,"Start here to understand scope, license, install surface, and config idioms."
freqtrade/freqtrade,e00a1fd28c03,config_examples/config_binance.example.json,repo_metadata,P0,high,unreviewed,pending,docs/assimilation + dependency policy,GPL-3.0 study-only: do not copy source into PQTS without explicit license decision.,2148,84,8fd5a4883b992c95baffaf89da8d57ad35122d522797b0582306ae3bee67b979,"Start here to understand scope, license, install surface, and config idioms."
freqtrade/freqtrade,e00a1fd28c03,config_examples/config_freqai.example.json,repo_metadata,P0,high,unreviewed,pending,docs/assimilation + dependency policy,GPL-3.0 study-only: do not copy source into PQTS without explicit license decision.,2382,91,472fab612e0f8f1e68d30d2a9a613f98230cf9af80e8d6b375632dde36535538,"Start here to understand scope, license, install surface, and config idioms."
freqtrade/freqtrade,e00a1fd28c03,config_examples/config_full.example.json,repo_metadata,P0,high,unreviewed,pending,docs/assimilation + dependency policy,GPL-3.0 study-only: do not copy source into PQTS without explicit license decision.,6072,218,9755463d9f6067ff572e77d9a6ffa57ece9418d0b3a66054f96c26856c20000f,"Start here to understand scope, license, install surface, and config idioms."
freqtrade/freqtrade,e00a1fd28c03,config_examples/config_kraken.example.json,repo_metadata,P0,high,unreviewed,pending,docs/assimilation + dependency policy,GPL-3.0 study-only: do not copy source into PQTS without explicit license decision.,2253,90,fa208978978fc9462f5792b4990e6b5f67b7d0af255492ea292e465c49f3dc0b,"Start here to understand scope, license, install surface, and config idioms."
freqtrade/freqtrade,e00a1fd28c03,pyproject.toml,repo_metadata,P0,high,unreviewed,pending,docs/assimilation + dependency policy,GPL-3.0 study-only: do not copy source into PQTS without explicit license decision.,7710,321,f2bea2127a0faee54793631a426601933545df4d346ec8086745a065e2d1917d,"Start here to understand scope, license, install surface, and config idioms."
freqtrade/freqtrade,e00a1fd28c03,requirements-dev.txt,repo_metadata,P0,high,unreviewed,pending,docs/assimilation + dependency policy,GPL-3.0 study-only: do not copy source into PQTS without explicit license decision.,856,36,ff6b3f62276aa37144be118061de3b6681c6178a9f404eb38de4bbf0a0c89795,"Start here to understand scope, license, install surface, and config idioms."
freqtrade/freqtrade,e00a1fd28c03,requirements-freqai-rl.txt,repo_metadata,P0,high,unreviewed,pending,docs/assimilation + dependency policy,GPL-3.0 study-only: do not copy source into PQTS without explicit license decision.,493,11,d088f6336f2f6bb20b87503b35229e83ebe2f74246fed263dc675f469e0377e8,"Start here to understand scope, license, install surface, and config idioms."
freqtrade/freqtrade,e00a1fd28c03,requirements-freqai.txt,repo_metadata,P0,high,unreviewed,pending,docs/assimilation + dependency policy,GPL-3.0 study-only: do not copy source into PQTS without explicit license decision.,213,11,12789916a0d12afe028bc006d47b58adb3dce488780777b564aa7f0e8e792cf1,"Start here to understand scope, license, install surface, and config idioms."
freqtrade/freqtrade,e00a1fd28c03,requirements-hyperopt.txt,repo_metadata,P0,high,unreviewed,pending,docs/assimilation + dependency policy,GPL-3.0 study-only: do not copy source into PQTS without explicit license decision.,167,9,1b6662e099965c5c21d5b8e6837acbde2d672e356c8a12106c8ba7e29cea40a6,"Start here to understand scope, license, install surface, and config idioms."
freqtrade/freqtrade,e00a1fd28c03,requirements-plot.txt,repo_metadata,P0,high,unreviewed,pending,docs/assimilation + dependency policy,GPL-3.0 study-only: do not copy source into PQTS without explicit license decision.,78,4,a82adc979c3d449efcd3f3e411b483f3fb5f8757f14cdf52d8fb5f3e33af62a2,"Start here to understand scope, license, install surface, and config idioms."
freqtrade/freqtrade,e00a1fd28c03,requirements.txt,repo_metadata,P0,high,unreviewed,pending,docs/assimilation + dependency policy,GPL-3.0 study-only: do not copy source into PQTS without explicit license decision.,1046,62,9c47f973168c9f46a2153550e7e196d456c3d6fbf6c054e37c97f5bb54a885f5,"Start here to understand scope, license, install surface, and config idioms."
freqtrade/freqtrade,e00a1fd28c03,docs/leverage.md,risk_protection,P0,high,unreviewed,pending,src/risk + src/execution/risk_aware_router.py,GPL-3.0 study-only: do not copy source into PQTS without explicit license decision.,9357,145,694b5977f9b7c2c6212b678935ede5f6784a93335642e635537c91e6d09908a1,Map concepts only; PQTS router and kill-switches remain non-bypassable.
freqtrade/freqtrade,e00a1fd28c03,docs/stoploss.md,risk_protection,P0,high,unreviewed,pending,src/risk + src/execution/risk_aware_router.py,GPL-3.0 study-only: do not copy source into PQTS without explicit license decision.,14352,273,427c72d78c1f6efff6cb0de3bffe045b447e4cf6044d87604509e68f4fd59958,Map concepts only; PQTS router and kill-switches remain non-bypassable.
freqtrade/freqtrade,e00a1fd28c03,freqtrade/leverage/__init__.py,risk_protection,P0,high,unreviewed,pending,src/risk + src/execution/risk_aware_router.py,GPL-3.0 study-only: do not copy source into PQTS without explicit license decision.,63,1,627a2d0ecb35afff710da70728faf7155f7216ad821abacbec31542491007c06,Map concepts only; PQTS router and kill-switches remain non-bypassable.
freqtrade/freqtrade,e00a1fd28c03,freqtrade/leverage/interest.py,risk_protection,P0,high,unreviewed,pending,src/risk + src/execution/risk_aware_router.py,GPL-3.0 study-only: do not copy source into PQTS without explicit license decision.,1245,36,8c3ee4a7934fa48a1e8c71379c78dcaf40d7614b5545d7a38430e69b5fba8c8c,Map concepts only; PQTS router and kill-switches remain non-bypassable.
freqtrade/freqtrade,e00a1fd28c03,freqtrade/leverage/liquidation_price.py,risk_protection,P0,high,unreviewed,pending,src/risk + src/execution/risk_aware_router.py,GPL-3.0 study-only: do not copy source into PQTS without explicit license decision.,2519,69,fc51e207f5b07ec164d9908d65ac48da0a54e3c4e91e9511f50309171ef7ec57,Map concepts only; PQTS router and kill-switches remain non-bypassable.
freqtrade/freqtrade,e00a1fd28c03,freqtrade/plugins/protections/__init__.py,risk_protection,P0,high,unreviewed,pending,src/risk + src/execution/risk_aware_router.py,GPL-3.0 study-only: do not copy source into PQTS without explicit license decision.,105,2,4f454d12dbbd1a0e8c0f11218ad001f08c77241542f5e06e524cb1a752240f69,Map concepts only; PQTS router and kill-switches remain non-bypassable.
freqtrade/freqtrade,e00a1fd28c03,freqtrade/plugins/protections/cooldown_period.py,risk_protection,P0,high,unreviewed,pending,src/risk + src/execution/risk_aware_router.py,GPL-3.0 study-only: do not copy source into PQTS without explicit license decision.,2730,76,8acf821c89ed97cc9113659e3ec9dac9665e051d36970625fae6014aaa317b7b,Map concepts only; PQTS router and kill-switches remain non-bypassable.
freqtrade/freqtrade,e00a1fd28c03,freqtrade/plugins/protections/iprotection.py,risk_protection,P0,high,unreviewed,pending,src/risk + src/execution/risk_aware_router.py,GPL-3.0 study-only: do not copy source into PQTS without explicit license decision.,5139,143,80d6beb7e50db63ed1d8e300193032335b7b2d75da9a6597d4001b923a66704d,Map concepts only; PQTS router and kill-switches remain non-bypassable.
freqtrade/freqtrade,e00a1fd28c03,freqtrade/plugins/protections/low_profit_pairs.py,risk_protection,P0,high,unreviewed,pending,src/risk + src/execution/risk_aware_router.py,GPL-3.0 study-only: do not copy source into PQTS without explicit license decision.,3705,104,c80e8a8db59140f71fe97adf3755c5a4125dca9235c83cc57e7c3d0bcae862ed,Map concepts only; PQTS router and kill-switches remain non-bypassable.
freqtrade/freqtrade,e00a1fd28c03,freqtrade/plugins/protections/max_drawdown_protection.py,risk_protection,P0,high,unreviewed,pending,src/risk + src/execution/risk_aware_router.py,GPL-3.0 study-only: do not copy source into PQTS without explicit license decision.,5095,133,614328466e2e90e3dc57dff909e18e7f87bc817cef5ac9b9d1d89ef94b1cccc7,Map concepts only; PQTS router and kill-switches remain non-bypassable.
freqtrade/freqtrade,e00a1fd28c03,freqtrade/plugins/protections/stoploss_guard.py,risk_protection,P0,high,unreviewed,pending,src/risk + src/execution/risk_aware_router.py,GPL-3.0 study-only: do not copy source into PQTS without explicit license decision.,3943,111,db3adae62104271ad8a70773d45715718a547cb6447b4b82353b01a54af1ce66,Map concepts only; PQTS router and kill-switches remain non-bypassable.
freqtrade/freqtrade,e00a1fd28c03,freqtrade/wallets.py,risk_protection,P0,high,unreviewed,pending,src/risk + src/execution/risk_aware_router.py,GPL-3.0 study-only: do not copy source into PQTS without explicit license decision.,20329,515,182eee132be9ddd5c66439a8de5c36a3e7421a157469da3c970d01285156ad46,Map concepts only; PQTS router and kill-switches remain non-bypassable.
freqtrade/freqtrade,e00a1fd28c03,docs/strategy-101.md,strategy_interface,P0,high,unreviewed,pending,src/research/strategy_studio.py + src/research/ai_agent.py,GPL-3.0 study-only: do not copy source into PQTS without explicit license decision.,12542,203,977ffab70c09466b82f8e6ec3c71eafe0be7ac92f359bb77c28d9090fc1f11e0,Study strategy API contracts and parameter ergonomics; reimplement ideas PQTS-native.
freqtrade/freqtrade,e00a1fd28c03,docs/strategy-advanced.md,strategy_interface,P0,high,unreviewed,pending,src/research/strategy_studio.py + src/research/ai_agent.py,GPL-3.0 study-only: do not copy source into PQTS without explicit license decision.,15327,352,acd86554bebcd983df57167e2559b7a7682341d5aeb5d6a184540f775becd7ef,Study strategy API contracts and parameter ergonomics; reimplement ideas PQTS-native.
freqtrade/freqtrade,e00a1fd28c03,docs/strategy-callbacks.md,strategy_interface,P0,high,unreviewed,pending,src/research/strategy_studio.py + src/research/ai_agent.py,GPL-3.0 study-only: do not copy source into PQTS without explicit license decision.,69047,1408,70f9677e647809998c9e80a3a9f441e43f7f4d36662db74027a9d9c9239b9246,Study strategy API contracts and parameter ergonomics; reimplement ideas PQTS-native.
freqtrade/freqtrade,e00a1fd28c03,docs/strategy-customization.md,strategy_interface,P0,high,unreviewed,pending,src/research/strategy_studio.py + src/research/ai_agent.py,GPL-3.0 study-only: do not copy source into PQTS without explicit license decision.,60106,1217,0ff2bf4f33056290f231fe25d8a7c603d8c5629702f3b9d615a4ede9a3285ef1,Study strategy API contracts and parameter ergonomics; reimplement ideas PQTS-native.
freqtrade/freqtrade,e00a1fd28c03,docs/strategy_analysis_example.md,strategy_interface,P0,high,unreviewed,pending,src/research/strategy_studio.py + src/research/ai_agent.py,GPL-3.0 study-only: do not copy source into PQTS without explicit license decision.,8339,281,3c3213e747a5b964543ae6f2b03af078fc46de91ce2f69791721c43a225549c1,Study strategy API contracts and parameter ergonomics; reimplement ideas PQTS-native.
freqtrade/freqtrade,e00a1fd28c03,docs/strategy_migration.md,strategy_interface,P0,high,unreviewed,pending,src/research/strategy_studio.py + src/research/ai_agent.py,GPL-3.0 study-only: do not copy source into PQTS without explicit license decision.,32749,814,c5a1ef833272cc97e1ddf3ae11d6dae031af63d0b53e56fb64231b94b078af1b,Study strategy API contracts and parameter ergonomics; reimplement ideas PQTS-native.
freqtrade/freqtrade,e00a1fd28c03,freqtrade/strategy/__init__.py,strategy_interface,P0,high,unreviewed,pending,src/research/strategy_studio.py + src/research/ai_agent.py,GPL-3.0 study-only: do not copy source into PQTS without explicit license decision.,1233,49,cef6416573eb3f2054fdb8ef4509540744aee4994fc1e4b4c8fec33d96aae473,Study strategy API contracts and parameter ergonomics; reimplement ideas PQTS-native.
freqtrade/freqtrade,e00a1fd28c03,freqtrade/strategy/hyper.py,strategy_interface,P0,high,unreviewed,pending,src/research/strategy_studio.py + src/research/ai_agent.py,GPL-3.0 study-only: do not copy source into PQTS without explicit license decision.,7377,190,3a223ccf730fa3616370656e4d48c07e6245292e91265f49a90b5eeb7e0f756d,Study strategy API contracts and parameter ergonomics; reimplement ideas PQTS-native.
freqtrade/freqtrade,e00a1fd28c03,freqtrade/strategy/informative_decorator.py,strategy_interface,P0,high,unreviewed,pending,src/research/strategy_studio.py + src/research/ai_agent.py,GPL-3.0 study-only: do not copy source into PQTS without explicit license decision.,6288,174,1aa9107ebf4afdfea29214285f42172db4aa026b73c80abd50f65b38237f3dcd,Study strategy API contracts and parameter ergonomics; reimplement ideas PQTS-native.
freqtrade/freqtrade,e00a1fd28c03,freqtrade/strategy/interface.py,strategy_interface,P0,high,unreviewed,pending,src/research/strategy_studio.py + src/research/ai_agent.py,GPL-3.0 study-only: do not copy source into PQTS without explicit license decision.,80204,1886,93ddb2f5579acd7a20d489174ffb68cd191428ff996d291b33be81d97fa9bf66,Study strategy API contracts and parameter ergonomics; reimplement ideas PQTS-native.
freqtrade/freqtrade,e00a1fd28c03,freqtrade/strategy/parameters.py,strategy_interface,P0,high,unreviewed,pending,src/research/strategy_studio.py + src/research/ai_agent.py,GPL-3.0 study-only: do not copy source into PQTS without explicit license decision.,13719,389,035d396354cdef4221fa3bf4145dcee2524583f1466f875f87d307efc855e442,Study strategy API contracts and parameter ergonomics; reimplement ideas PQTS-native.
freqtrade/freqtrade,e00a1fd28c03,freqtrade/strategy/strategy_helper.py,strategy_interface,P0,high,unreviewed,pending,src/research/strategy_studio.py + src/research/ai_agent.py,GPL-3.0 study-only: do not copy source into PQTS without explicit license decision.,8034,185,46a15179738d83a39148ac96f5ee2f2d50c4514332d059c4458a9d7d3d0e4812,Study strategy API contracts and parameter ergonomics; reimplement ideas PQTS-native.
freqtrade/freqtrade,e00a1fd28c03,freqtrade/strategy/strategy_validation.py,strategy_interface,P0,high,unreviewed,pending,src/research/strategy_studio.py + src/research/ai_agent.py,GPL-3.0 study-only: do not copy source into PQTS without explicit license decision.,1721,42,30f47b383a8e6d79bdc4ae794447c2544fde373001d6175af2d259ac0f850238,Study strategy API contracts and parameter ergonomics; reimplement ideas PQTS-native.
freqtrade/freqtrade,e00a1fd28c03,freqtrade/strategy/strategy_wrapper.py,strategy_interface,P0,high,unreviewed,pending,src/research/strategy_studio.py + src/research/ai_agent.py,GPL-3.0 study-only: do not copy source into PQTS without explicit license decision.,2345,63,d88df604b425cd983acb4bc15c7c82fd63a0dafdb4cdfafd195d85c82fc39ca6,Study strategy API contracts and parameter ergonomics; reimplement ideas PQTS-native.
freqtrade/freqtrade,e00a1fd28c03,freqtrade/strategy/strategyupdater.py,strategy_interface,P0,high,unreviewed,pending,src/research/strategy_studio.py + src/research/ai_agent.py,GPL-3.0 study-only: do not copy source into PQTS without explicit license decision.,10804,277,d993f8c4429d03e8867aab8550ad207875872d791152a2a43a1d7e2e7398de86,Study strategy API contracts and parameter ergonomics; reimplement ideas PQTS-native.
freqtrade/freqtrade,e00a1fd28c03,freqtrade/templates/FreqaiExampleHybridStrategy.py,strategy_interface,P0,high,unreviewed,pending,src/research/strategy_studio.py + src/research/ai_agent.py,GPL-3.0 study-only: do not copy source into PQTS without explicit license decision.,12807,320,5fbbccd3431429ec5f86fc367b669d1cabb946e6ca79d051684923c83a1d90db,Study strategy API contracts and parameter ergonomics; reimplement ideas PQTS-native.
freqtrade/freqtrade,e00a1fd28c03,freqtrade/templates/FreqaiExampleStrategy.py,strategy_interface,P0,high,unreviewed,pending,src/research/strategy_studio.py + src/research/ai_agent.py,GPL-3.0 study-only: do not copy source into PQTS without explicit license decision.,11534,293,294f7e1e7fe912a3bf73a2cb4a2ecffe80cae6228a3d28fc5b78d3fb0731f8d5,Study strategy API contracts and parameter ergonomics; reimplement ideas PQTS-native.
freqtrade/freqtrade,e00a1fd28c03,freqtrade/templates/__init__.py,strategy_interface,P0,high,unreviewed,pending,src/research/strategy_studio.py + src/research/ai_agent.py,GPL-3.0 study-only: do not copy source into PQTS without explicit license decision.,0,0,e3b0c44298fc1c149afbf4c8996fb92427ae41e4649b934ca495991b7852b855,Study strategy API contracts and parameter ergonomics; reimplement ideas PQTS-native.
freqtrade/freqtrade,e00a1fd28c03,freqtrade/templates/base_config.json.j2,strategy_interface,P0,high,unreviewed,pending,src/research/strategy_studio.py + src/research/ai_agent.py,GPL-3.0 study-only: do not copy source into PQTS without explicit license decision.,2208,69,3a1848b6659f48cefd3ad12086d25b9f488e01fcb285e34ae6a5b1ab86f6a089,Study strategy API contracts and parameter ergonomics; reimplement ideas PQTS-native.
freqtrade/freqtrade,e00a1fd28c03,freqtrade/templates/base_strategy.py.j2,strategy_interface,P0,high,unreviewed,pending,src/research/strategy_studio.py + src/research/ai_agent.py,GPL-3.0 study-only: do not copy source into PQTS without explicit license decision.,6250,179,68ea1d6c2501fe6a21997251c4ef2dad8c39ef9ca1f06d3568b6dd659633da13,Study strategy API contracts and parameter ergonomics; reimplement ideas PQTS-native.
freqtrade/freqtrade,e00a1fd28c03,freqtrade/templates/sample_hyperopt_loss.py,strategy_interface,P0,high,unreviewed,pending,src/research/strategy_studio.py + src/research/ai_agent.py,GPL-3.0 study-only: do not copy source into PQTS without explicit license decision.,1871,57,5ea8583b15db7adf1274b8fea76217e466610ecb706dc0bbd920957e6af56888,Study strategy API contracts and parameter ergonomics; reimplement ideas PQTS-native.
freqtrade/freqtrade,e00a1fd28c03,freqtrade/templates/sample_strategy.py,strategy_interface,P0,high,unreviewed,pending,src/research/strategy_studio.py + src/research/ai_agent.py,GPL-3.0 study-only: do not copy source into PQTS without explicit license decision.,17167,428,18d48d64b955dc9bd1b43f59115c16f2002a881c62c2851ceca64569a6f8651c,Study strategy API contracts and parameter ergonomics; reimplement ideas PQTS-native.
freqtrade/freqtrade,e00a1fd28c03,freqtrade/templates/strategy_analysis_example.ipynb,strategy_interface,P0,high,unreviewed,pending,src/research/strategy_studio.py + src/research/ai_agent.py,GPL-3.0 study-only: do not copy source into PQTS without explicit license decision.,14363,480,0561781df6d0492a76096299f05d4594aa1513cb2ffe6b60c806f29cb1536cb0,Study strategy API contracts and parameter ergonomics; reimplement ideas PQTS-native.
freqtrade/freqtrade,e00a1fd28c03,freqtrade/templates/strategy_subtemplates/buy_trend_full.j2,strategy_interface,P0,high,unreviewed,pending,src/research/strategy_studio.py + src/research/ai_agent.py,GPL-3.0 study-only: do not copy source into PQTS without explicit license decision.,261,3,fa76b1ebe8dc521d9034f2d25ee8f14b97aab7da527cac2979686c9ae7c5083a,Study strategy API contracts and parameter ergonomics; reimplement ideas PQTS-native.
freqtrade/freqtrade,e00a1fd28c03,freqtrade/templates/strategy_subtemplates/buy_trend_minimal.j2,strategy_interface,P0,high,unreviewed,pending,src/research/strategy_studio.py + src/research/ai_agent.py,GPL-3.0 study-only: do not copy source into PQTS without explicit license decision.,101,1,e9cbc71bf3b0bf123b156cf6a0c21780059403fd44a6ccc312a3a0a3796979c2,Study strategy API contracts and parameter ergonomics; reimplement ideas PQTS-native.
freqtrade/freqtrade,e00a1fd28c03,freqtrade/templates/strategy_subtemplates/indicators_full.j2,strategy_interface,P0,high,unreviewed,pending,src/research/strategy_studio.py + src/research/ai_agent.py,GPL-3.0 study-only: do not copy source into PQTS without explicit license decision.,7747,206,f47d1622d74af59e4b2205da74d0b8257f7b4bf8de71d7d4a674c58bbf1d1fec,Study strategy API contracts and parameter ergonomics; reimplement ideas PQTS-native.
freqtrade/freqtrade,e00a1fd28c03,freqtrade/templates/strategy_subtemplates/indicators_minimal.j2,strategy_interface,P0,high,unreviewed,pending,src/research/strategy_studio.py + src/research/ai_agent.py,GPL-3.0 study-only: do not copy source into PQTS without explicit license decision.,464,17,9d58c2790d1359359df79bb7f43aeefcc6c46e5679004f0404c4e2f5846a255b,Study strategy API contracts and parameter ergonomics; reimplement ideas PQTS-native.
freqtrade/freqtrade,e00a1fd28c03,freqtrade/templates/strategy_subtemplates/plot_config_full.j2,strategy_interface,P0,high,unreviewed,pending,src/research/strategy_studio.py + src/research/ai_agent.py,GPL-3.0 study-only: do not copy source into PQTS without explicit license decision.,506,20,2d9755017f17988146ee0d52682b5b9fb983a3a941f6d7b415f8bc8cd0168022,Study strategy API contracts and parameter ergonomics; reimplement ideas PQTS-native.
freqtrade/freqtrade,e00a1fd28c03,freqtrade/templates/strategy_subtemplates/plot_config_minimal.j2,strategy_interface,P0,high,unreviewed,pending,src/research/strategy_studio.py + src/research/ai_agent.py,GPL-3.0 study-only: do not copy source into PQTS without explicit license decision.,0,0,e3b0c44298fc1c149afbf4c8996fb92427ae41e4649b934ca495991b7852b855,Study strategy API contracts and parameter ergonomics; reimplement ideas PQTS-native.
freqtrade/freqtrade,e00a1fd28c03,freqtrade/templates/strategy_subtemplates/sell_trend_full.j2,strategy_interface,P0,high,unreviewed,pending,src/research/strategy_studio.py + src/research/ai_agent.py,GPL-3.0 study-only: do not copy source into PQTS without explicit license decision.,262,3,cc7dd6c72a513783d5f51580fac63bdad703e54899d4f4c9b557a4e4c36aa6c3,Study strategy API contracts and parameter ergonomics; reimplement ideas PQTS-native.
freqtrade/freqtrade,e00a1fd28c03,freqtrade/templates/strategy_subtemplates/sell_trend_minimal.j2,strategy_interface,P0,high,unreviewed,pending,src/research/strategy_studio.py + src/research/ai_agent.py,GPL-3.0 study-only: do not copy source into PQTS without explicit license decision.,103,1,78486e468e3f4923b5162c7a6aa24f284d7cefb06cf6ed5e0008e35dd2b9c67b,Study strategy API contracts and parameter ergonomics; reimplement ideas PQTS-native.
freqtrade/freqtrade,e00a1fd28c03,freqtrade/templates/strategy_subtemplates/strategy_attributes_full.j2,strategy_interface,P0,high,unreviewed,pending,src/research/strategy_studio.py + src/research/ai_agent.py,GPL-3.0 study-only: do not copy source into PQTS without explicit license decision.,249,13,d261773057053ccb8768e85542c9f40cddc34c40d429092337f290c5f4280e0e,Study strategy API contracts and parameter ergonomics; reimplement ideas PQTS-native.
freqtrade/freqtrade,e00a1fd28c03,freqtrade/templates/strategy_subtemplates/strategy_attributes_minimal.j2,strategy_interface,P0,high,unreviewed,pending,src/research/strategy_studio.py + src/research/ai_agent.py,GPL-3.0 study-only: do not copy source into PQTS without explicit license decision.,0,0,e3b0c44298fc1c149afbf4c8996fb92427ae41e4649b934ca495991b7852b855,Study strategy API contracts and parameter ergonomics; reimplement ideas PQTS-native.
freqtrade/freqtrade,e00a1fd28c03,freqtrade/templates/strategy_subtemplates/strategy_methods_advanced.j2,strategy_interface,P0,high,unreviewed,pending,src/research/strategy_studio.py + src/research/ai_agent.py,GPL-3.0 study-only: do not copy source into PQTS without explicit license decision.,18155,450,5250d2d2072df110a86e3a9aa03feb2a37c25d07d31b13ad5d8b823c3627754e,Study strategy API contracts and parameter ergonomics; reimplement ideas PQTS-native.
freqtrade/freqtrade,e00a1fd28c03,freqtrade/templates/strategy_subtemplates/strategy_methods_empty.j2,strategy_interface,P0,high,unreviewed,pending,src/research/strategy_studio.py + src/research/ai_agent.py,GPL-3.0 study-only: do not copy source into PQTS without explicit license decision.,0,0,e3b0c44298fc1c149afbf4c8996fb92427ae41e4649b934ca495991b7852b855,Study strategy API contracts and parameter ergonomics; reimplement ideas PQTS-native.
freqtrade/freqtrade,e00a1fd28c03,freqtrade/templates/subtemplates/exchange_binance.j2,strategy_interface,P0,high,unreviewed,pending,src/research/strategy_studio.py + src/research/ai_agent.py,GPL-3.0 study-only: do not copy source into PQTS without explicit license decision.,261,12,1d5e097da40b956ba175015932e4dab86abdf348fbac4b875f2ba978048766d8,Study strategy API contracts and parameter ergonomics; reimplement ideas PQTS-native.
freqtrade/freqtrade,e00a1fd28c03,freqtrade/templates/subtemplates/exchange_bittrex.j2,strategy_interface,P0,high,unreviewed,pending,src/research/strategy_studio.py + src/research/ai_agent.py,GPL-3.0 study-only: do not copy source into PQTS without explicit license decision.,397,18,00ef4177ccb9da20b973731fe46098e9106f4810a750877a169962efd1537be0,Study strategy API contracts and parameter ergonomics; reimplement ideas PQTS-native.
freqtrade/freqtrade,e00a1fd28c03,freqtrade/templates/subtemplates/exchange_gateio.j2,strategy_interface,P0,high,unreviewed,pending,src/research/strategy_studio.py + src/research/ai_agent.py,GPL-3.0 study-only: do not copy source into PQTS without explicit license decision.,271,12,608607001a17f7b163f6f52445e7d86e1f0284557f933d9e5739c475ae82956c,Study strategy API contracts and parameter ergonomics; reimplement ideas PQTS-native.
freqtrade/freqtrade,e00a1fd28c03,freqtrade/templates/subtemplates/exchange_generic.j2,strategy_interface,P0,high,unreviewed,pending,src/research/strategy_studio.py + src/research/ai_agent.py,GPL-3.0 study-only: do not copy source into PQTS without explicit license decision.,244,11,750ae3750bcc1325288cdc55cfd532f41403ddc105e100f62ab2cea7443ecb35,Study strategy API contracts and parameter ergonomics; reimplement ideas PQTS-native.
freqtrade/freqtrade,e00a1fd28c03,freqtrade/templates/subtemplates/exchange_huobi.j2,strategy_interface,P0,high,unreviewed,pending,src/research/strategy_studio.py + src/research/ai_agent.py,GPL-3.0 study-only: do not copy source into PQTS without explicit license decision.,260,12,8906d50c51505d9294da1427b4ebdfbadaa6c7276374b6149a3d038f3d9d5ea5,Study strategy API contracts and parameter ergonomics; reimplement ideas PQTS-native.
freqtrade/freqtrade,e00a1fd28c03,freqtrade/templates/subtemplates/exchange_kraken.j2,strategy_interface,P0,high,unreviewed,pending,src/research/strategy_studio.py + src/research/ai_agent.py,GPL-3.0 study-only: do not copy source into PQTS without explicit license decision.,249,13,5dd6c221a27cb59e87ff34bd67a14d2adaec7036281aa2e1f365b5a27d07b993,Study strategy API contracts and parameter ergonomics; reimplement ideas PQTS-native.
freqtrade/freqtrade,e00a1fd28c03,freqtrade/templates/subtemplates/exchange_kucoin.j2,strategy_interface,P0,high,unreviewed,pending,src/research/strategy_studio.py + src/research/ai_agent.py,GPL-3.0 study-only: do not copy source into PQTS without explicit license decision.,291,12,3b0a70b0430d52117744afea89b70646fb92bb923a74d3ee8e379c15901ff549,Study strategy API contracts and parameter ergonomics; reimplement ideas PQTS-native.
freqtrade/freqtrade,e00a1fd28c03,freqtrade/templates/subtemplates/exchange_okex.j2,strategy_interface,P0,high,unreviewed,pending,src/research/strategy_studio.py + src/research/ai_agent.py,GPL-3.0 study-only: do not copy source into PQTS without explicit license decision.,291,12,3b0a70b0430d52117744afea89b70646fb92bb923a74d3ee8e379c15901ff549,Study strategy API contracts and parameter ergonomics; reimplement ideas PQTS-native.
freqtrade/freqtrade,e00a1fd28c03,docker/Dockerfile.freqai,hyperopt_ml,P1,high,unreviewed,pending,src/research/advanced_training.py + src/research/hyperopt.py,GPL-3.0 study-only: do not copy source into PQTS without explicit license decision.,225,8,d3dcc3e49b27e149fd20b40c647d0a81eca71f085b71ef66a06e9b284cef4068,Study ML/training orchestration and optimization surfaces.
freqtrade/freqtrade,e00a1fd28c03,docker/Dockerfile.freqai_rl,hyperopt_ml,P1,high,unreviewed,pending,src/research/advanced_training.py + src/research/hyperopt.py,GPL-3.0 study-only: do not copy source into PQTS without explicit license decision.,262,8,c07d31f5e4de78fc3447224369eada29b54dbc1fb7a86e4066074ea3ba1bfb80,Study ML/training orchestration and optimization surfaces.
freqtrade/freqtrade,e00a1fd28c03,docker/docker-compose-freqai.yml,hyperopt_ml,P1,high,unreviewed,pending,src/research/advanced_training.py + src/research/hyperopt.py,GPL-3.0 study-only: do not copy source into PQTS without explicit license decision.,1142,35,874c2f6f681472d96567216bacae4f86cb81a6ed0c37ab9908366ee57851f4d3,Study ML/training orchestration and optimization surfaces.
freqtrade/freqtrade,e00a1fd28c03,docs/advanced-hyperopt.md,hyperopt_ml,P1,high,unreviewed,pending,src/research/advanced_training.py + src/research/hyperopt.py,GPL-3.0 study-only: do not copy source into PQTS without explicit license decision.,10724,231,be3f73495d1a688db20299280984c84dea1ee301b446702ba9b4353ef05b1195,Study ML/training orchestration and optimization surfaces.
freqtrade/freqtrade,e00a1fd28c03,docs/assets/freqai_DI.jpg,hyperopt_ml,P1,high,unreviewed,pending,src/research/advanced_training.py + src/research/hyperopt.py,GPL-3.0 study-only: do not copy source into PQTS without explicit license decision.,314012,1187,00563bb2f658f2dc7e21f4c9e384146329465f6041835bab2d0bd08f9b9b697f,Study ML/training orchestration and optimization surfaces.
freqtrade/freqtrade,e00a1fd28c03,docs/assets/freqai_algo.jpg,hyperopt_ml,P1,high,unreviewed,pending,src/research/advanced_training.py + src/research/hyperopt.py,GPL-3.0 study-only: do not copy source into PQTS without explicit license decision.,353611,1461,cd1143d0e6c7ca2f09446ed896a6123b00817d69389dd27ffb077ac872cd1f6e,Study ML/training orchestration and optimization surfaces.
freqtrade/freqtrade,e00a1fd28c03,docs/assets/freqai_algorithm-diagram.jpg,hyperopt_ml,P1,high,unreviewed,pending,src/research/advanced_training.py + src/research/hyperopt.py,GPL-3.0 study-only: do not copy source into PQTS without explicit license decision.,501262,2039,5ba8e5382c0c8fcf2318254f910686b15489bcfa72f44c7bc6b036eab32f6839,Study ML/training orchestration and optimization surfaces.
freqtrade/freqtrade,e00a1fd28c03,docs/assets/freqai_dbscan.jpg,hyperopt_ml,P1,high,unreviewed,pending,src/research/advanced_training.py + src/research/hyperopt.py,GPL-3.0 study-only: do not copy source into PQTS without explicit license decision.,67965,250,62bae1e8f09bc953195afd39af80fff7d8b16dd2cb9a669b760431583838f47f,Study ML/training orchestration and optimization surfaces.
freqtrade/freqtrade,e00a1fd28c03,docs/assets/freqai_doc_logo.svg,hyperopt_ml,P1,high,unreviewed,pending,src/research/advanced_training.py + src/research/hyperopt.py,GPL-3.0 study-only: do not copy source into PQTS without explicit license decision.,2101262,304,20c2c89c98b951f159d0179cf2bee520cd86fc0acc4c74deb56521523fc88957,Study ML/training orchestration and optimization surfaces.
freqtrade/freqtrade,e00a1fd28c03,docs/assets/freqai_inlier-metric.jpg,hyperopt_ml,P1,high,unreviewed,pending,src/research/advanced_training.py + src/research/hyperopt.py,GPL-3.0 study-only: do not copy source into PQTS without explicit license decision.,468744,1773,f0c051b3142dc11273997395a4d7a95b4ec2d7d14748632041c5e077b2aabe3f,Study ML/training orchestration and optimization surfaces.
freqtrade/freqtrade,e00a1fd28c03,docs/assets/freqai_moving-window.jpg,hyperopt_ml,P1,high,unreviewed,pending,src/research/advanced_training.py + src/research/hyperopt.py,GPL-3.0 study-only: do not copy source into PQTS without explicit license decision.,276574,1131,bdf7f09cdaff8c87ab7a7ae0bf960d58332b457a19370e6b5b157d8c665ddec5,Study ML/training orchestration and optimization surfaces.
freqtrade/freqtrade,e00a1fd28c03,docs/assets/freqai_pytorch-diagram.png,hyperopt_ml,P1,high,unreviewed,pending,src/research/advanced_training.py + src/research/hyperopt.py,GPL-3.0 study-only: do not copy source into PQTS without explicit license decision.,18611,86,724aa5221439c4cd738859892d9c735b489fa51e4ba88c6343258ed882b8f087,Study ML/training orchestration and optimization surfaces.
freqtrade/freqtrade,e00a1fd28c03,docs/assets/freqai_weight-factor.jpg,hyperopt_ml,P1,high,unreviewed,pending,src/research/advanced_training.py + src/research/hyperopt.py,GPL-3.0 study-only: do not copy source into PQTS without explicit license decision.,189828,773,e9a6175a2b450952af33ca82209fa487c5e2b049cec821cd58738256e510f28a,Study ML/training orchestration and optimization surfaces.
freqtrade/freqtrade,e00a1fd28c03,docs/commands/hyperopt-list.md,hyperopt_ml,P1,high,unreviewed,pending,src/research/advanced_training.py + src/research/hyperopt.py,GPL-3.0 study-only: do not copy source into PQTS without explicit license decision.,3260,63,67c2e7606500c8a604cbec4e5aea74f909dd8e3df58d717057a5d72f9197902c,Study ML/training orchestration and optimization surfaces.
freqtrade/freqtrade,e00a1fd28c03,docs/commands/hyperopt-show.md,hyperopt_ml,P1,high,unreviewed,pending,src/research/advanced_training.py + src/research/hyperopt.py,GPL-3.0 study-only: do not copy source into PQTS without explicit license decision.,2420,45,f01f71645e9cfa6375302cb14e437e20eb45ef01182df58ed33516010dc1d9e7,Study ML/training orchestration and optimization surfaces.
freqtrade/freqtrade,e00a1fd28c03,docs/commands/hyperopt.md,hyperopt_ml,P1,high,unreviewed,pending,src/research/advanced_training.py + src/research/hyperopt.py,GPL-3.0 study-only: do not copy source into PQTS without explicit license decision.,7371,130,e928a509fe08d9f0a7e9918ed48d8f5b03264984c61871629ffe0b6c9c415607,Study ML/training orchestration and optimization surfaces.
freqtrade/freqtrade,e00a1fd28c03,docs/commands/list-freqaimodels.md,hyperopt_ml,P1,high,unreviewed,pending,src/research/advanced_training.py + src/research/hyperopt.py,GPL-3.0 study-only: do not copy source into PQTS without explicit license decision.,1562,32,d718ba2e92426be08cf891b59743da88a4f17a3efc1e5800d955d206774d5d12,Study ML/training orchestration and optimization surfaces.
freqtrade/freqtrade,e00a1fd28c03,docs/commands/list-hyperoptloss.md,hyperopt_ml,P1,high,unreviewed,pending,src/research/advanced_training.py + src/research/hyperopt.py,GPL-3.0 study-only: do not copy source into PQTS without explicit license decision.,1568,32,93c475e61dbd3ae25de3bbf69c02f1b77cdaf96d68a962d55fd11b8f2f235e20,Study ML/training orchestration and optimization surfaces.
freqtrade/freqtrade,e00a1fd28c03,docs/freqai-configuration.md,hyperopt_ml,P1,high,unreviewed,pending,src/research/advanced_training.py + src/research/hyperopt.py,GPL-3.0 study-only: do not copy source into PQTS without explicit license decision.,29989,427,ff6a4daa5b9f7e38c6ebe6164a0acd60742ede57fac5d4f517f6b2d79a2d0ac1,Study ML/training orchestration and optimization surfaces.
freqtrade/freqtrade,e00a1fd28c03,docs/freqai-developers.md,hyperopt_ml,P1,high,unreviewed,pending,src/research/advanced_training.py + src/research/hyperopt.py,GPL-3.0 study-only: do not copy source into PQTS without explicit license decision.,6077,78,bb99b23724109434cf74c7418a312330f30282ad5d7b9218b0eb4aa685fdb184,Study ML/training orchestration and optimization surfaces.
freqtrade/freqtrade,e00a1fd28c03,docs/freqai-feature-engineering.md,hyperopt_ml,P1,high,unreviewed,pending,src/research/advanced_training.py + src/research/hyperopt.py,GPL-3.0 study-only: do not copy source into PQTS without explicit license decision.,23841,408,f05825b84f40b0c4d7cd6bafe1d01cb20ad4ad99b3d79ae84ac291ee07785923,Study ML/training orchestration and optimization surfaces.
freqtrade/freqtrade,e00a1fd28c03,docs/freqai-parameter-table.md,hyperopt_ml,P1,high,unreviewed,pending,src/research/advanced_training.py + src/research/hyperopt.py,GPL-3.0 study-only: do not copy source into PQTS without explicit license decision.,20480,119,d388b7c2f835ddedb6a117c7a5e3df9c24d4ca3e4527a7a59679c104e97300b9,Study ML/training orchestration and optimization surfaces.
freqtrade/freqtrade,e00a1fd28c03,docs/freqai-reinforcement-learning.md,hyperopt_ml,P1,high,unreviewed,pending,src/research/advanced_training.py + src/research/hyperopt.py,GPL-3.0 study-only: do not copy source into PQTS without explicit license decision.,20391,280,3dc777ee162ab775d0cee21d36821bed94c55a4dcfa8bbb28513ceb0a42d1fcb,Study ML/training orchestration and optimization surfaces.
freqtrade/freqtrade,e00a1fd28c03,docs/freqai-running.md,hyperopt_ml,P1,high,unreviewed,pending,src/research/advanced_training.py + src/research/hyperopt.py,GPL-3.0 study-only: do not copy source into PQTS without explicit license decision.,17354,191,cc351728bf365b2f4050726b614708daa0b414c420303c9424736bff7c681637,Study ML/training orchestration and optimization surfaces.
freqtrade/freqtrade,e00a1fd28c03,docs/freqai.md,hyperopt_ml,P1,high,unreviewed,pending,src/research/advanced_training.py + src/research/hyperopt.py,GPL-3.0 study-only: do not copy source into PQTS without explicit license decision.,11870,141,784af9a1da69638095f6a21b1dd8a2e1b69b47a02370cb51cd69d8467a4211fa,Study ML/training orchestration and optimization surfaces.
freqtrade/freqtrade,e00a1fd28c03,docs/hyperopt.md,hyperopt_ml,P1,high,unreviewed,pending,src/research/advanced_training.py + src/research/hyperopt.py,GPL-3.0 study-only: do not copy source into PQTS without explicit license decision.,47130,851,4f6f6dfb93732097ecf14be51aa0da42353361b199e6a19a851e4e94310262de,Study ML/training orchestration and optimization surfaces.
freqtrade/freqtrade,e00a1fd28c03,freqtrade/commands/hyperopt_commands.py,hyperopt_ml,P1,high,unreviewed,pending,src/research/advanced_training.py + src/research/hyperopt.py,GPL-3.0 study-only: do not copy source into PQTS without explicit license decision.,3791,113,a59823bf5be0decf5e7893fdeeee2a6b93e0e32a3028bd36e48a216e4a2fa040,Study ML/training orchestration and optimization surfaces.
freqtrade/freqtrade,e00a1fd28c03,freqtrade/enums/hyperoptstate.py,hyperopt_ml,P1,high,unreviewed,pending,src/research/advanced_training.py + src/research/hyperopt.py,GPL-3.0 study-only: do not copy source into PQTS without explicit license decision.,209,13,60f89ad0c641033826f6981a2baaf8e20a5eb6f13d0509fb9530e56fc8902a50,Study ML/training orchestration and optimization surfaces.
freqtrade/freqtrade,e00a1fd28c03,freqtrade/freqai/RL/Base3ActionRLEnv.py,hyperopt_ml,P1,high,unreviewed,pending,src/research/advanced_training.py + src/research/hyperopt.py,GPL-3.0 study-only: do not copy source into PQTS without explicit license decision.,4691,140,8106ab74edbf7d571182de48802f17adfd14d270a454e93e35ba0a30e4ff748f,Study ML/training orchestration and optimization surfaces.
freqtrade/freqtrade,e00a1fd28c03,freqtrade/freqai/RL/Base4ActionRLEnv.py,hyperopt_ml,P1,high,unreviewed,pending,src/research/advanced_training.py + src/research/hyperopt.py,GPL-3.0 study-only: do not copy source into PQTS without explicit license decision.,5121,144,bbefcef635851193d5873e217a110b9199a761b90cab2d5aa8a880ba3e26eb40,Study ML/training orchestration and optimization surfaces.
freqtrade/freqtrade,e00a1fd28c03,freqtrade/freqai/RL/Base5ActionRLEnv.py,hyperopt_ml,P1,high,unreviewed,pending,src/research/advanced_training.py + src/research/hyperopt.py,GPL-3.0 study-only: do not copy source into PQTS without explicit license decision.,5720,153,18954ff102b7b2cc1289294dc8b3596d08cd4220460719a4320dcc7eec91a35c,Study ML/training orchestration and optimization surfaces.
freqtrade/freqtrade,e00a1fd28c03,freqtrade/freqai/RL/BaseEnvironment.py,hyperopt_ml,P1,high,unreviewed,pending,src/research/advanced_training.py + src/research/hyperopt.py,GPL-3.0 study-only: do not copy source into PQTS without explicit license decision.,15330,418,4a2555009b38b5fa95883ca66ade26407f2d7c90e0d03ae914d572d5ea0cd2df,Study ML/training orchestration and optimization surfaces.
freqtrade/freqtrade,e00a1fd28c03,freqtrade/freqai/RL/BaseReinforcementLearningModel.py,hyperopt_ml,P1,high,unreviewed,pending,src/research/advanced_training.py + src/research/hyperopt.py,GPL-3.0 study-only: do not copy source into PQTS without explicit license decision.,20660,510,7f39d53cd7299066afccfe0a36c9cd91f0dd531a1cb1249e1ee18beeeae3ee36,Study ML/training orchestration and optimization surfaces.
freqtrade/freqtrade,e00a1fd28c03,freqtrade/freqai/RL/__init__.py,hyperopt_ml,P1,high,unreviewed,pending,src/research/advanced_training.py + src/research/hyperopt.py,GPL-3.0 study-only: do not copy source into PQTS without explicit license decision.,0,0,e3b0c44298fc1c149afbf4c8996fb92427ae41e4649b934ca495991b7852b855,Study ML/training orchestration and optimization surfaces.
freqtrade/freqtrade,e00a1fd28c03,freqtrade/freqai/__init__.py,hyperopt_ml,P1,high,unreviewed,pending,src/research/advanced_training.py + src/research/hyperopt.py,GPL-3.0 study-only: do not copy source into PQTS without explicit license decision.,0,0,e3b0c44298fc1c149afbf4c8996fb92427ae41e4649b934ca495991b7852b855,Study ML/training orchestration and optimization surfaces.
freqtrade/freqtrade,e00a1fd28c03,freqtrade/freqai/base_models/BaseClassifierModel.py,hyperopt_ml,P1,high,unreviewed,pending,src/research/advanced_training.py + src/research/hyperopt.py,GPL-3.0 study-only: do not copy source into PQTS without explicit license decision.,4970,129,d557ca4c2a1d0b5847f01363bb8a8a20dd27bc13114ed6c6aa37739d52af6b5e,Study ML/training orchestration and optimization surfaces.
freqtrade/freqtrade,e00a1fd28c03,freqtrade/freqai/base_models/BasePyTorchClassifier.py,hyperopt_ml,P1,high,unreviewed,pending,src/research/advanced_training.py + src/research/hyperopt.py,GPL-3.0 study-only: do not copy source into PQTS without explicit license decision.,7996,214,22f3dc0205a7d757dc13ac334ffc86d10a2529e31d79ca7ebf1bf61eaf793daf,Study ML/training orchestration and optimization surfaces.
freqtrade/freqtrade,e00a1fd28c03,freqtrade/freqai/base_models/BasePyTorchModel.py,hyperopt_ml,P1,high,unreviewed,pending,src/research/advanced_training.py + src/research/hyperopt.py,GPL-3.0 study-only: do not copy source into PQTS without explicit license decision.,1276,39,82aa5acce775aa02957cde7ab7441bbc04f6024204955e87ca60765a8fbaf644,Study ML/training orchestration and optimization surfaces.
freqtrade/freqtrade,e00a1fd28c03,freqtrade/freqai/base_models/BasePyTorchRegressor.py,hyperopt_ml,P1,high,unreviewed,pending,src/research/advanced_training.py + src/research/hyperopt.py,GPL-3.0 study-only: do not copy source into PQTS without explicit license decision.,4413,117,7cd1446942e739a19619f09afa03b7c2797b86a5f15fc7272f9c02f79aca35f3,Study ML/training orchestration and optimization surfaces.
freqtrade/freqtrade,e00a1fd28c03,freqtrade/freqai/base_models/BaseRegressionModel.py,hyperopt_ml,P1,high,unreviewed,pending,src/research/advanced_training.py + src/research/hyperopt.py,GPL-3.0 study-only: do not copy source into PQTS without explicit license decision.,5325,131,b91bf3a0cbf096c204f4c5b2b15d7d79777c1a890fe54345d663610a9198475d,Study ML/training orchestration and optimization surfaces.
freqtrade/freqtrade,e00a1fd28c03,freqtrade/freqai/base_models/FreqaiMultiOutputClassifier.py,hyperopt_ml,P1,high,unreviewed,pending,src/research/advanced_training.py + src/research/hyperopt.py,GPL-3.0 study-only: do not copy source into PQTS without explicit license decision.,3381,87,51dd7ffe6621c8c65fcf40b631f4aec00da4f6e08071d90f9007999195854330,Study ML/training orchestration and optimization surfaces.
freqtrade/freqtrade,e00a1fd28c03,freqtrade/freqai/base_models/FreqaiMultiOutputRegressor.py,hyperopt_ml,P1,high,unreviewed,pending,src/research/advanced_training.py + src/research/hyperopt.py,GPL-3.0 study-only: do not copy source into PQTS without explicit license decision.,2290,52,0e3bee94fe9a4a73c3a9cb74bb97fa6ab81a2297d0caa265d13a02182b7a85f0,Study ML/training orchestration and optimization surfaces.
freqtrade/freqtrade,e00a1fd28c03,freqtrade/freqai/data_drawer.py,hyperopt_ml,P1,high,unreviewed,pending,src/research/advanced_training.py + src/research/hyperopt.py,GPL-3.0 study-only: do not copy source into PQTS without explicit license decision.,33027,769,b976178a81aabae994fc387eff306f0b3c12bbd8953de7a176e8051f45205332,Study ML/training orchestration and optimization surfaces.
freqtrade/freqtrade,e00a1fd28c03,freqtrade/freqai/data_kitchen.py,hyperopt_ml,P1,high,unreviewed,pending,src/research/advanced_training.py + src/research/hyperopt.py,GPL-3.0 study-only: do not copy source into PQTS without explicit license decision.,44087,1036,cf57655e712534122e95771c9c67710935352eca6bdf0c398f0c38debadab8ad,Study ML/training orchestration and optimization surfaces.
freqtrade/freqtrade,e00a1fd28c03,freqtrade/freqai/freqai_interface.py,hyperopt_ml,P1,high,unreviewed,pending,src/research/advanced_training.py + src/research/hyperopt.py,GPL-3.0 study-only: do not copy source into PQTS without explicit license decision.,46096,1044,67434072aff446772bc9dc982f5562c929970d7d57c87ee68a8b8bf20cfa4908,Study ML/training orchestration and optimization surfaces.
freqtrade/freqtrade,e00a1fd28c03,freqtrade/freqai/prediction_models/LightGBMClassifier.py,hyperopt_ml,P1,high,unreviewed,pending,src/research/advanced_training.py + src/research/hyperopt.py,GPL-3.0 study-only: do not copy source into PQTS without explicit license decision.,2424,65,8a37b60e3a710618468e9a4790a968afdd8626d3702402e47025ddc8a3298d73,Study ML/training orchestration and optimization surfaces.
freqtrade/freqtrade,e00a1fd28c03,freqtrade/freqai/prediction_models/LightGBMClassifierMultiTarget.py,hyperopt_ml,P1,high,unreviewed,pending,src/research/advanced_training.py + src/research/hyperopt.py,GPL-3.0 study-only: do not copy source into PQTS without explicit license decision.,3096,79,ebee158a0b5ab787fcd502467b8eda841833fa83d1e974ea9467c2079b3967b3,Study ML/training orchestration and optimization surfaces.
freqtrade/freqtrade,e00a1fd28c03,freqtrade/freqai/prediction_models/LightGBMRegressor.py,hyperopt_ml,P1,high,unreviewed,pending,src/research/advanced_training.py + src/research/hyperopt.py,GPL-3.0 study-only: do not copy source into PQTS without explicit license decision.,2278,62,aa3a3e7cb6b2c0be75c8266650efc7997496b49bebe1ec3ae661e578378880cf,Study ML/training orchestration and optimization surfaces.
freqtrade/freqtrade,e00a1fd28c03,freqtrade/freqai/prediction_models/LightGBMRegressorMultiTarget.py,hyperopt_ml,P1,high,unreviewed,pending,src/research/advanced_training.py + src/research/hyperopt.py,GPL-3.0 study-only: do not copy source into PQTS without explicit license decision.,3142,81,f8679df7e1b9a7f46562c3e1f76b6387020ae18a0eb94c9aca100de194ed9e51,Study ML/training orchestration and optimization surfaces.
freqtrade/freqtrade,e00a1fd28c03,freqtrade/freqai/prediction_models/PyTorchMLPClassifier.py,hyperopt_ml,P1,high,unreviewed,pending,src/research/advanced_training.py + src/research/hyperopt.py,GPL-3.0 study-only: do not copy source into PQTS without explicit license decision.,3531,90,43ea5b5ebd1c2084803aab5ea39d1b1e412347b9efa720f245dc855be6862cc7,Study ML/training orchestration and optimization surfaces.
freqtrade/freqtrade,e00a1fd28c03,freqtrade/freqai/prediction_models/PyTorchMLPRegressor.py,hyperopt_ml,P1,high,unreviewed,pending,src/research/advanced_training.py + src/research/hyperopt.py,GPL-3.0 study-only: do not copy source into PQTS without explicit license decision.,3207,83,05e5136f002bcc4d7fa2f931b98e7bde32e49a227305163b0d355e4ff35af420,Study ML/training orchestration and optimization surfaces.
freqtrade/freqtrade,e00a1fd28c03,freqtrade/freqai/prediction_models/PyTorchTransformerRegressor.py,hyperopt_ml,P1,high,unreviewed,pending,src/research/advanced_training.py + src/research/hyperopt.py,GPL-3.0 study-only: do not copy source into PQTS without explicit license decision.,6088,155,ca8d88500c6bbc7c6b030287c54c3645c863dbe84ea1a5afe60d483e88b3d139,Study ML/training orchestration and optimization surfaces.
freqtrade/freqtrade,e00a1fd28c03,freqtrade/freqai/prediction_models/ReinforcementLearner.py,hyperopt_ml,P1,high,unreviewed,pending,src/research/advanced_training.py + src/research/hyperopt.py,GPL-3.0 study-only: do not copy source into PQTS without explicit license decision.,7116,171,248791cd49f9a42d5a49f5e0ed87e487519437620534996710d596f279d51afa,Study ML/training orchestration and optimization surfaces.
freqtrade/freqtrade,e00a1fd28c03,freqtrade/freqai/prediction_models/ReinforcementLearner_multiproc.py,hyperopt_ml,P1,high,unreviewed,pending,src/research/advanced_training.py + src/research/hyperopt.py,GPL-3.0 study-only: do not copy source into PQTS without explicit license decision.,3042,85,a9d1ab221dab69d74cf73823d233e7c8f75c6f4649cfc815718d58953a681f26,Study ML/training orchestration and optimization surfaces.
freqtrade/freqtrade,e00a1fd28c03,freqtrade/freqai/prediction_models/SKLearnRandomForestClassifier.py,hyperopt_ml,P1,high,unreviewed,pending,src/research/advanced_training.py + src/research/hyperopt.py,GPL-3.0 study-only: do not copy source into PQTS without explicit license decision.,3236,84,9ae42bb20319a2c0646ff0f4d727e2ac36e2b3f9e21c66b19a48e3a96467225a,Study ML/training orchestration and optimization surfaces.
freqtrade/freqtrade,e00a1fd28c03,freqtrade/freqai/prediction_models/XGBoostClassifier.py,hyperopt_ml,P1,high,unreviewed,pending,src/research/advanced_training.py + src/research/hyperopt.py,GPL-3.0 study-only: do not copy source into PQTS without explicit license decision.,3316,88,dfe539a3db5aed6124f3fb41c5db33dd4771e5e63ebc21f50ddcf177c70287d8,Study ML/training orchestration and optimization surfaces.
freqtrade/freqtrade,e00a1fd28c03,freqtrade/freqai/prediction_models/XGBoostRFClassifier.py,hyperopt_ml,P1,high,unreviewed,pending,src/research/advanced_training.py + src/research/hyperopt.py,GPL-3.0 study-only: do not copy source into PQTS without explicit license decision.,3322,88,ece1f9359c079896a3be552021623a38c5acdc4f0d880504bcb0af4d4325e36c,Study ML/training orchestration and optimization surfaces.
freqtrade/freqtrade,e00a1fd28c03,freqtrade/freqai/prediction_models/XGBoostRFRegressor.py,hyperopt_ml,P1,high,unreviewed,pending,src/research/advanced_training.py + src/research/hyperopt.py,GPL-3.0 study-only: do not copy source into PQTS without explicit license decision.,2330,64,1ceea2a9eb714599bebdcae2b91e48c11ab7dc4240625c186af07597d9876a08,Study ML/training orchestration and optimization surfaces.
freqtrade/freqtrade,e00a1fd28c03,freqtrade/freqai/prediction_models/XGBoostRegressor.py,hyperopt_ml,P1,high,unreviewed,pending,src/research/advanced_training.py + src/research/hyperopt.py,GPL-3.0 study-only: do not copy source into PQTS without explicit license decision.,2169,60,c247d7809eddb9a74094dfad4cdd67cd4e8df516dafb29602290b2ce8c977423,Study ML/training orchestration and optimization surfaces.
freqtrade/freqtrade,e00a1fd28c03,freqtrade/freqai/prediction_models/XGBoostRegressorMultiTarget.py,hyperopt_ml,P1,high,unreviewed,pending,src/research/advanced_training.py + src/research/hyperopt.py,GPL-3.0 study-only: do not copy source into PQTS without explicit license decision.,2258,61,ca56e5b0035e11d3d5a118874c10e918fa19acaa055765b42b7472ec3162054f,Study ML/training orchestration and optimization surfaces.
freqtrade/freqtrade,e00a1fd28c03,freqtrade/freqai/prediction_models/__init__.py,hyperopt_ml,P1,high,unreviewed,pending,src/research/advanced_training.py + src/research/hyperopt.py,GPL-3.0 study-only: do not copy source into PQTS without explicit license decision.,0,0,e3b0c44298fc1c149afbf4c8996fb92427ae41e4649b934ca495991b7852b855,Study ML/training orchestration and optimization surfaces.
freqtrade/freqtrade,e00a1fd28c03,freqtrade/freqai/tensorboard/TensorboardCallback.py,hyperopt_ml,P1,high,unreviewed,pending,src/research/advanced_training.py + src/research/hyperopt.py,GPL-3.0 study-only: do not copy source into PQTS without explicit license decision.,2127,61,beb925b6548d339d24eb5043f803c0460473ebd42e0ef84a36478c2c46055be0,Study ML/training orchestration and optimization surfaces.
freqtrade/freqtrade,e00a1fd28c03,freqtrade/freqai/tensorboard/__init__.py,hyperopt_ml,P1,high,unreviewed,pending,src/research/advanced_training.py + src/research/hyperopt.py,GPL-3.0 study-only: do not copy source into PQTS without explicit license decision.,745,19,dcc7d7ee7bd82ef4ea5239207e4effd8d734dc2ded848b6bcf54c725f441c5c5,Study ML/training orchestration and optimization surfaces.
freqtrade/freqtrade,e00a1fd28c03,freqtrade/freqai/tensorboard/base_tensorboard.py,hyperopt_ml,P1,high,unreviewed,pending,src/research/advanced_training.py + src/research/hyperopt.py,GPL-3.0 study-only: do not copy source into PQTS without explicit license decision.,675,30,34784b6478ee5ee00da1fdf1bdf6a876b0a14bba354d18e5eacf8d8686965b85,Study ML/training orchestration and optimization surfaces.
freqtrade/freqtrade,e00a1fd28c03,freqtrade/freqai/tensorboard/lightgbm_callback.py,hyperopt_ml,P1,high,unreviewed,pending,src/research/advanced_training.py + src/research/hyperopt.py,GPL-3.0 study-only: do not copy source into PQTS without explicit license decision.,794,24,a66cb907efccab990105ba687ad7071653de2ee35e6b4e799e2770d0db8f0ceb,Study ML/training orchestration and optimization surfaces.
freqtrade/freqtrade,e00a1fd28c03,freqtrade/freqai/tensorboard/tensorboard.py,hyperopt_ml,P1,high,unreviewed,pending,src/research/advanced_training.py + src/research/hyperopt.py,GPL-3.0 study-only: do not copy source into PQTS without explicit license decision.,1826,61,e703cb584d9f8b252bc9bcd54a66dc0e482fec5098834d5f2df31df71333e840,Study ML/training orchestration and optimization surfaces.
freqtrade/freqtrade,e00a1fd28c03,freqtrade/freqai/torch/PyTorchDataConvertor.py,hyperopt_ml,P1,high,unreviewed,pending,src/research/advanced_training.py + src/research/hyperopt.py,GPL-3.0 study-only: do not copy source into PQTS without explicit license decision.,1874,57,9d39df6c824a9b494f4f70eb375492438135e4be0b4fb24840cae15bda4d3188,Study ML/training orchestration and optimization surfaces.
freqtrade/freqtrade,e00a1fd28c03,freqtrade/freqai/torch/PyTorchMLPModel.py,hyperopt_ml,P1,high,unreviewed,pending,src/research/advanced_training.py + src/research/hyperopt.py,GPL-3.0 study-only: do not copy source into PQTS without explicit license decision.,3762,96,86f3db3d0556a328c0bcb6eea60249ca314f25dca6057772d42896b46c429a09,Study ML/training orchestration and optimization surfaces.
freqtrade/freqtrade,e00a1fd28c03,freqtrade/freqai/torch/PyTorchModelTrainer.py,hyperopt_ml,P1,high,unreviewed,pending,src/research/advanced_training.py + src/research/hyperopt.py,GPL-3.0 study-only: do not copy source into PQTS without explicit license decision.,10123,256,d9fde11bee18e4d194dc439f4e0679a98915237655f7d067be853ec6e786ca62,Study ML/training orchestration and optimization surfaces.
freqtrade/freqtrade,e00a1fd28c03,freqtrade/freqai/torch/PyTorchTrainerInterface.py,hyperopt_ml,P1,high,unreviewed,pending,src/research/advanced_training.py + src/research/hyperopt.py,GPL-3.0 study-only: do not copy source into PQTS without explicit license decision.,1995,51,222ceb5545a27ac61e78764fcab5709b535d2a543c19b1101df0f4aad2da992b,Study ML/training orchestration and optimization surfaces.
freqtrade/freqtrade,e00a1fd28c03,freqtrade/freqai/torch/PyTorchTransformerModel.py,hyperopt_ml,P1,high,unreviewed,pending,src/research/advanced_training.py + src/research/hyperopt.py,GPL-3.0 study-only: do not copy source into PQTS without explicit license decision.,3677,102,5f48416bc14b6dc6d4e52fbdb49d382f6e172dabc29658375d97f18b730a0adc,Study ML/training orchestration and optimization surfaces.
freqtrade/freqtrade,e00a1fd28c03,freqtrade/freqai/torch/__init__.py,hyperopt_ml,P1,high,unreviewed,pending,src/research/advanced_training.py + src/research/hyperopt.py,GPL-3.0 study-only: do not copy source into PQTS without explicit license decision.,0,0,e3b0c44298fc1c149afbf4c8996fb92427ae41e4649b934ca495991b7852b855,Study ML/training orchestration and optimization surfaces.
freqtrade/freqtrade,e00a1fd28c03,freqtrade/freqai/torch/datasets.py,hyperopt_ml,P1,high,unreviewed,pending,src/research/advanced_training.py + src/research/hyperopt.py,GPL-3.0 study-only: do not copy source into PQTS without explicit license decision.,668,19,554abf95550c54ca621d611751b9bf3a6e18622bab2ed73381cb44fa11dc19f1,Study ML/training orchestration and optimization surfaces.
freqtrade/freqtrade,e00a1fd28c03,freqtrade/freqai/utils.py,hyperopt_ml,P1,high,unreviewed,pending,src/research/advanced_training.py + src/research/hyperopt.py,GPL-3.0 study-only: do not copy source into PQTS without explicit license decision.,7608,207,61f650eb412a8948bf0ebaa331ea7dbbdef3d93f3db6ff2357491f1372738928,Study ML/training orchestration and optimization surfaces.
freqtrade/freqtrade,e00a1fd28c03,freqtrade/resolvers/freqaimodel_resolver.py,hyperopt_ml,P1,high,unreviewed,pending,src/research/advanced_training.py + src/research/hyperopt.py,GPL-3.0 study-only: do not copy source into PQTS without explicit license decision.,1777,57,a3151df7b703dc5c39c4f9e371a4bfc1f0d5476ec14ec64560c80e16ad8dad03,Study ML/training orchestration and optimization surfaces.
freqtrade/freqtrade,e00a1fd28c03,freqtrade/resolvers/hyperopt_resolver.py,hyperopt_ml,P1,high,unreviewed,pending,src/research/advanced_training.py + src/research/hyperopt.py,GPL-3.0 study-only: do not copy source into PQTS without explicit license decision.,1653,50,3b730b5d5e2470155723899ef670f6d4f5bb0c56ee57694561048a995daec3d4,Study ML/training orchestration and optimization surfaces.
freqtrade/freqtrade,e00a1fd28c03,tests/conftest_hyperopt.py,hyperopt_ml,P1,high,unreviewed,pending,src/research/advanced_training.py + src/research/hyperopt.py,GPL-3.0 study-only: do not copy source into PQTS without explicit license decision.,38740,1001,3cd421c89a65468fd32f4a741b61a71c082145db84fdf2c7d74fd3448f49f4ef,Study ML/training orchestration and optimization surfaces.
freqtrade/freqtrade,e00a1fd28c03,tests/freqai/conftest.py,hyperopt_ml,P1,high,unreviewed,pending,src/research/advanced_training.py + src/research/hyperopt.py,GPL-3.0 study-only: do not copy source into PQTS without explicit license decision.,9045,251,e07afd92368cbdb8f0253077365f25539dd43d41e8fc6067dd35447ad759f73c,Study ML/training orchestration and optimization surfaces.
freqtrade/freqtrade,e00a1fd28c03,tests/freqai/test_freqai_datadrawer.py,hyperopt_ml,P1,high,unreviewed,pending,src/research/advanced_training.py + src/research/hyperopt.py,GPL-3.0 study-only: do not copy source into PQTS without explicit license decision.,9283,239,135bab7fe3c076c6b4cddb8a9372b86a755fbd7f50ce54b7b97dd9ed5bef4c08,Study ML/training orchestration and optimization surfaces.
freqtrade/freqtrade,e00a1fd28c03,tests/freqai/test_freqai_datakitchen.py,hyperopt_ml,P1,high,unreviewed,pending,src/research/advanced_training.py + src/research/hyperopt.py,GPL-3.0 study-only: do not copy source into PQTS without explicit license decision.,7940,206,6b90125c261acece5f3fb54bf75782037fe037972284fe3b382c76b7fab78902,Study ML/training orchestration and optimization surfaces.
freqtrade/freqtrade,e00a1fd28c03,tests/freqai/test_freqai_interface.py,hyperopt_ml,P1,high,unreviewed,pending,src/research/advanced_training.py + src/research/hyperopt.py,GPL-3.0 study-only: do not copy source into PQTS without explicit license decision.,23170,583,5bb913dd05601b3c9ef09ab35dcc842c7b7f20b35326675c86001be3936317ce,Study ML/training orchestration and optimization surfaces.
freqtrade/freqtrade,e00a1fd28c03,tests/freqai/test_models/ReinforcementLearner_test_3ac.py,hyperopt_ml,P1,high,unreviewed,pending,src/research/advanced_training.py + src/research/hyperopt.py,GPL-3.0 study-only: do not copy source into PQTS without explicit license decision.,2771,71,186c5bffbb83ee4419eb798f1531cba7949aadb2860243450cf5a8eec62ec219,Study ML/training orchestration and optimization surfaces.
freqtrade/freqtrade,e00a1fd28c03,tests/freqai/test_models/ReinforcementLearner_test_4ac.py,hyperopt_ml,P1,high,unreviewed,pending,src/research/advanced_training.py + src/research/hyperopt.py,GPL-3.0 study-only: do not copy source into PQTS without explicit license decision.,2825,74,ba7a7cc2b8f642ed38620e425405399f4658453412b1eec0ef1a6385dfe4e958,Study ML/training orchestration and optimization surfaces.
freqtrade/freqtrade,e00a1fd28c03,tests/optimize/test_hyperopt.py,hyperopt_ml,P1,high,unreviewed,pending,src/research/advanced_training.py + src/research/hyperopt.py,GPL-3.0 study-only: do not copy source into PQTS without explicit license decision.,48518,1395,1e388318dc70e58578f7ef32e73cb8211002c313ca0eedfb383fcc4958b611d6,Study ML/training orchestration and optimization surfaces.
freqtrade/freqtrade,e00a1fd28c03,tests/optimize/test_hyperopt_tools.py,hyperopt_ml,P1,high,unreviewed,pending,src/research/advanced_training.py + src/research/hyperopt.py,GPL-3.0 study-only: do not copy source into PQTS without explicit license decision.,15044,472,5ed4ef2e59707431a7447398fecb10c332bbf26dc80b44b1cd3f316c5015fc1e,Study ML/training orchestration and optimization surfaces.
freqtrade/freqtrade,e00a1fd28c03,tests/optimize/test_hyperoptloss.py,hyperopt_ml,P1,high,unreviewed,pending,src/research/advanced_training.py + src/research/hyperopt.py,GPL-3.0 study-only: do not copy source into PQTS without explicit license decision.,8610,240,fec520160ff572ca932a3c0d5baad4574082ae8a1177ba524079a009569cf0f3,Study ML/training orchestration and optimization surfaces.
freqtrade/freqtrade,e00a1fd28c03,tests/strategy/strats/freqai_rl_test_strat.py,hyperopt_ml,P1,high,unreviewed,pending,src/research/advanced_training.py + src/research/hyperopt.py,GPL-3.0 study-only: do not copy source into PQTS without explicit license decision.,2873,87,570bc1b6bc2b56b2abf65e2793ae6d88062b4a74126c629a5f41d554af1ce7a5,Study ML/training orchestration and optimization surfaces.
freqtrade/freqtrade,e00a1fd28c03,tests/strategy/strats/freqai_test_classifier.py,hyperopt_ml,P1,high,unreviewed,pending,src/research/advanced_training.py + src/research/hyperopt.py,GPL-3.0 study-only: do not copy source into PQTS without explicit license decision.,3852,114,5865adedd08494c5693a14e57a4e6be6f172ae039b342410c11ee63a3c9073db,Study ML/training orchestration and optimization surfaces.
freqtrade/freqtrade,e00a1fd28c03,tests/strategy/strats/freqai_test_multimodel_classifier_strat.py,hyperopt_ml,P1,high,unreviewed,pending,src/research/advanced_training.py + src/research/hyperopt.py,GPL-3.0 study-only: do not copy source into PQTS without explicit license decision.,4052,114,01447ad26c82e0aca86757a835632aa16c1e385f78a6b42482efdcd0ffd82b1d,Study ML/training orchestration and optimization surfaces.
freqtrade/freqtrade,e00a1fd28c03,tests/strategy/strats/freqai_test_multimodel_strat.py,hyperopt_ml,P1,high,unreviewed,pending,src/research/advanced_training.py + src/research/hyperopt.py,GPL-3.0 study-only: do not copy source into PQTS without explicit license decision.,4550,125,3764d076e10c6592acbc8231ab770040e02533dea1dde0621966c20a8efff8d2,Study ML/training orchestration and optimization surfaces.
freqtrade/freqtrade,e00a1fd28c03,tests/strategy/strats/freqai_test_strat.py,hyperopt_ml,P1,high,unreviewed,pending,src/research/advanced_training.py + src/research/hyperopt.py,GPL-3.0 study-only: do not copy source into PQTS without explicit license decision.,4042,114,c30f82e3a572f61d6a4f1249fcc48cf60e01431f44e971fe44bb84b59565f121,Study ML/training orchestration and optimization surfaces.
freqtrade/freqtrade,e00a1fd28c03,tests/strategy/strats/hyperoptable_strategy.py,hyperopt_ml,P1,high,unreviewed,pending,src/research/advanced_training.py + src/research/hyperopt.py,GPL-3.0 study-only: do not copy source into PQTS without explicit license decision.,3288,99,669af7098377e60a76769961a571e0d989492c8142ab8c878e25f5aaff19be6c,Study ML/training orchestration and optimization surfaces.
freqtrade/freqtrade,e00a1fd28c03,tests/strategy/strats/hyperoptable_strategy_v2.py,hyperopt_ml,P1,high,unreviewed,pending,src/research/advanced_training.py + src/research/hyperopt.py,GPL-3.0 study-only: do not copy source into PQTS without explicit license decision.,1859,58,10576291a57bfafab71dc2fb72e64a22243825ec91d06030604d24c8ab6df1c8,Study ML/training orchestration and optimization surfaces.
freqtrade/freqtrade,e00a1fd28c03,tests/testdata/hyperopt_results_SampleStrategy.pickle,hyperopt_ml,P1,high,unreviewed,pending,src/research/advanced_training.py + src/research/hyperopt.py,GPL-3.0 study-only: do not copy source into PQTS without explicit license decision.,7436,9,40f0ea26c2626eb15efc33f70de1c60b81705114e45e7c63302e62dd35ea2fd8,Study ML/training orchestration and optimization surfaces.
freqtrade/freqtrade,e00a1fd28c03,user_data/freqaimodels/.gitkeep,hyperopt_ml,P1,high,unreviewed,pending,src/research/advanced_training.py + src/research/hyperopt.py,GPL-3.0 study-only: do not copy source into PQTS without explicit license decision.,0,0,e3b0c44298fc1c149afbf4c8996fb92427ae41e4649b934ca495991b7852b855,Study ML/training orchestration and optimization surfaces.
freqtrade/freqtrade,e00a1fd28c03,user_data/hyperopts/.gitkeep,hyperopt_ml,P1,high,unreviewed,pending,src/research/advanced_training.py + src/research/hyperopt.py,GPL-3.0 study-only: do not copy source into PQTS without explicit license decision.,0,0,e3b0c44298fc1c149afbf4c8996fb92427ae41e4649b934ca495991b7852b855,Study ML/training orchestration and optimization surfaces.
freqtrade/freqtrade,e00a1fd28c03,docs/data-download.md,market_data_exchange,P1,medium,unreviewed,pending,src/markets + src/adapters + data/lake,GPL-3.0 study-only: do not copy source into PQTS without explicit license decision.,14358,285,82bb8bdbc69295710578e93acc1a78c310f6041a91dcfc061b64ae6041832672,Assimilate data/exchange abstraction ideas in read-only/shadow mode first.
freqtrade/freqtrade,e00a1fd28c03,docs/exchanges.md,market_data_exchange,P1,medium,unreviewed,pending,src/markets + src/adapters + data/lake,GPL-3.0 study-only: do not copy source into PQTS without explicit license decision.,28929,586,404d97743fc88791217ffa8bcd7bcc0d5ce97b33d3f3ba661fdf3a4b1c4b08f9,Assimilate data/exchange abstraction ideas in read-only/shadow mode first.
freqtrade/freqtrade,e00a1fd28c03,freqtrade/data/converter/__init__.py,market_data_exchange,P1,medium,unreviewed,pending,src/markets + src/adapters + data/lake,GPL-3.0 study-only: do not copy source into PQTS without explicit license decision.,1060,40,bb7e32894f0bcf967a503c648a02b0b689c3e60d1f7cdab442eec80ef7f4552b,Assimilate data/exchange abstraction ideas in read-only/shadow mode first.
freqtrade/freqtrade,e00a1fd28c03,freqtrade/data/converter/converter.py,market_data_exchange,P1,medium,unreviewed,pending,src/markets + src/adapters + data/lake,GPL-3.0 study-only: do not copy source into PQTS without explicit license decision.,10961,305,b262fbfe02b2fd81c4c89f3fdf004a0008aed828e20ec0ac75b5d1f9c2c093cb,Assimilate data/exchange abstraction ideas in read-only/shadow mode first.
freqtrade/freqtrade,e00a1fd28c03,freqtrade/data/converter/orderflow.py,market_data_exchange,P1,medium,unreviewed,pending,src/markets + src/adapters + data/lake,GPL-3.0 study-only: do not copy source into PQTS without explicit license decision.,10632,265,ab897e7cd5bcd5745c1f255619cf0a2ce565812bd3dc08784f34a49ef85b3a57,Assimilate data/exchange abstraction ideas in read-only/shadow mode first.
freqtrade/freqtrade,e00a1fd28c03,freqtrade/data/converter/trade_converter.py,market_data_exchange,P1,medium,unreviewed,pending,src/markets + src/adapters + data/lake,GPL-3.0 study-only: do not copy source into PQTS without explicit license decision.,5857,164,56973212f1502a2eac8cbc508092731deb2bfb4501d7ceefe736e21bc25c0746,Assimilate data/exchange abstraction ideas in read-only/shadow mode first.
freqtrade/freqtrade,e00a1fd28c03,freqtrade/data/converter/trade_converter_kraken.py,market_data_exchange,P1,medium,unreviewed,pending,src/markets + src/adapters + data/lake,GPL-3.0 study-only: do not copy source into PQTS without explicit license decision.,3395,92,214178b150c28c47875e6b107bc9c6624e2deedf76ff564750cf20af7eb47e8a,Assimilate data/exchange abstraction ideas in read-only/shadow mode first.
freqtrade/freqtrade,e00a1fd28c03,freqtrade/data/history/__init__.py,market_data_exchange,P1,medium,unreviewed,pending,src/markets + src/adapters + data/lake,GPL-3.0 study-only: do not copy source into PQTS without explicit license decision.,469,21,81333f90b08014e8fa3cbfb42898af7a67cc8d523dfde2d9e9f043da9cffe244,Assimilate data/exchange abstraction ideas in read-only/shadow mode first.
freqtrade/freqtrade,e00a1fd28c03,freqtrade/data/history/datahandlers/__init__.py,market_data_exchange,P1,medium,unreviewed,pending,src/markets + src/adapters + data/lake,GPL-3.0 study-only: do not copy source into PQTS without explicit license decision.,77,2,b6406edb69ec183c4829272599aaee812f77d704ad229290357f584f7fc99570,Assimilate data/exchange abstraction ideas in read-only/shadow mode first.
freqtrade/freqtrade,e00a1fd28c03,freqtrade/data/history/datahandlers/featherdatahandler.py,market_data_exchange,P1,medium,unreviewed,pending,src/markets + src/adapters + data/lake,GPL-3.0 study-only: do not copy source into PQTS without explicit license decision.,7480,185,02aa975ef9b9d6b4d8b660a6359cb5294bb9afad598d444c76e1e2a185aed0ab,Assimilate data/exchange abstraction ideas in read-only/shadow mode first.
freqtrade/freqtrade,e00a1fd28c03,freqtrade/data/history/datahandlers/idatahandler.py,market_data_exchange,P1,medium,unreviewed,pending,src/markets + src/adapters + data/lake,GPL-3.0 study-only: do not copy source into PQTS without explicit license decision.,21665,571,c992b1288d76e26788b00fc685eef8902e64120261f3de0d5d9353be6a56069f,Assimilate data/exchange abstraction ideas in read-only/shadow mode first.
freqtrade/freqtrade,e00a1fd28c03,freqtrade/data/history/datahandlers/jsondatahandler.py,market_data_exchange,P1,medium,unreviewed,pending,src/markets + src/adapters + data/lake,GPL-3.0 study-only: do not copy source into PQTS without explicit license decision.,6220,152,373d9116a530640a641868bf6a9b7e59c2ed04d66357db2d0ac47c8624ce0917,Assimilate data/exchange abstraction ideas in read-only/shadow mode first.
freqtrade/freqtrade,e00a1fd28c03,freqtrade/data/history/datahandlers/parquetdatahandler.py,market_data_exchange,P1,medium,unreviewed,pending,src/markets + src/adapters + data/lake,GPL-3.0 study-only: do not copy source into PQTS without explicit license decision.,5266,133,470af03180c1ba4207ec42948dcfecfb1743e59434db59f23824674159b58e48,Assimilate data/exchange abstraction ideas in read-only/shadow mode first.
freqtrade/freqtrade,e00a1fd28c03,freqtrade/data/history/history_utils.py,market_data_exchange,P1,medium,unreviewed,pending,src/markets + src/adapters + data/lake,GPL-3.0 study-only: do not copy source into PQTS without explicit license decision.,31200,825,462ef0e3dc97bfcb34e79ae38090de0ac7df18e5c7c81308ac58a5490ec4ecb5,Assimilate data/exchange abstraction ideas in read-only/shadow mode first.
freqtrade/freqtrade,e00a1fd28c03,freqtrade/exchange/__init__.py,market_data_exchange,P1,medium,unreviewed,pending,src/markets + src/adapters + data/lake,GPL-3.0 study-only: do not copy source into PQTS without explicit license decision.,1795,52,22fac23d831bb424e6ff446419a9e767fe9d15997b2b1c980e4eee1c8a13a9b9,Assimilate data/exchange abstraction ideas in read-only/shadow mode first.
freqtrade/freqtrade,e00a1fd28c03,freqtrade/exchange/binance.py,market_data_exchange,P1,medium,unreviewed,pending,src/markets + src/adapters + data/lake,GPL-3.0 study-only: do not copy source into PQTS without explicit license decision.,22725,583,a5de00bfd6326c506e4945f5096fafa7c00bfb39188fa6bd42ab2e1409303097,Assimilate data/exchange abstraction ideas in read-only/shadow mode first.
freqtrade/freqtrade,e00a1fd28c03,freqtrade/exchange/binance_leverage_tiers.json,market_data_exchange,P1,medium,unreviewed,pending,src/markets + src/adapters + data/lake,GPL-3.0 study-only: do not copy source into PQTS without explicit license decision.,2459102,101995,49de4ae5c0a2db3b206a6c4f4ac60afee6ef35b03d856fc60fd9c0fc6c7f4f8d,Assimilate data/exchange abstraction ideas in read-only/shadow mode first.
freqtrade/freqtrade,e00a1fd28c03,freqtrade/exchange/binance_public_data.py,market_data_exchange,P1,medium,unreviewed,pending,src/markets + src/adapters + data/lake,GPL-3.0 study-only: do not copy source into PQTS without explicit license decision.,19052,503,821452a6df0318b87c18f3764ae2e8b00b5f20b75b7be3649c1dcf2c7bc741b2,Assimilate data/exchange abstraction ideas in read-only/shadow mode first.
freqtrade/freqtrade,e00a1fd28c03,freqtrade/exchange/bingx.py,market_data_exchange,P1,medium,unreviewed,pending,src/markets + src/adapters + data/lake,GPL-3.0 study-only: do not copy source into PQTS without explicit license decision.,632,24,5246baf0a32b7563af671938f846afec778912fec51a46db6bb9569e09e47a4c,Assimilate data/exchange abstraction ideas in read-only/shadow mode first.
freqtrade/freqtrade,e00a1fd28c03,freqtrade/exchange/bitget.py,market_data_exchange,P1,medium,unreviewed,pending,src/markets + src/adapters + data/lake,GPL-3.0 study-only: do not copy source into PQTS without explicit license decision.,11706,289,60df99b47af31ee67bde98477ee82a6364ad2ed3818a3a7c31008f3c91af4af7,Assimilate data/exchange abstraction ideas in read-only/shadow mode first.
freqtrade/freqtrade,e00a1fd28c03,freqtrade/exchange/bitmart.py,market_data_exchange,P1,medium,unreviewed,pending,src/markets + src/adapters + data/lake,GPL-3.0 study-only: do not copy source into PQTS without explicit license decision.,561,22,c11e406d750ca51fdd9056be8aa7efa38f1fe375ca94f76b5e36c558c8db8cda,Assimilate data/exchange abstraction ideas in read-only/shadow mode first.
freqtrade/freqtrade,e00a1fd28c03,freqtrade/exchange/bitpanda.py,market_data_exchange,P1,medium,unreviewed,pending,src/markets + src/adapters + data/lake,GPL-3.0 study-only: do not copy source into PQTS without explicit license decision.,1548,38,a3fc1815d8434914e9d683a189a78e12891374272ba24be33bbcaf08705bffc7,Assimilate data/exchange abstraction ideas in read-only/shadow mode first.
freqtrade/freqtrade,e00a1fd28c03,freqtrade/exchange/bitvavo.py,market_data_exchange,P1,medium,unreviewed,pending,src/markets + src/adapters + data/lake,GPL-3.0 study-only: do not copy source into PQTS without explicit license decision.,578,24,a0e531ec7272f035d991ee6603952182e4d9d2912656e3192f965e11a45661d2,Assimilate data/exchange abstraction ideas in read-only/shadow mode first.
freqtrade/freqtrade,e00a1fd28c03,freqtrade/exchange/bybit.py,market_data_exchange,P1,medium,unreviewed,pending,src/markets + src/adapters + data/lake,GPL-3.0 study-only: do not copy source into PQTS without explicit license decision.,13041,331,387999397f201fe4a62dda02f29d922dbef3262abfbeb52eb00dc765a967f626,Assimilate data/exchange abstraction ideas in read-only/shadow mode first.
freqtrade/freqtrade,e00a1fd28c03,freqtrade/exchange/check_exchange.py,market_data_exchange,P1,medium,unreviewed,pending,src/markets + src/adapters + data/lake,GPL-3.0 study-only: do not copy source into PQTS without explicit license decision.,2962,72,f38d87fa7c8fb526c2c9fedf327a2908f51b76b1936f89c912769be105976818,Assimilate data/exchange abstraction ideas in read-only/shadow mode first.
freqtrade/freqtrade,e00a1fd28c03,freqtrade/exchange/coinex.py,market_data_exchange,P1,medium,unreviewed,pending,src/markets + src/adapters + data/lake,GPL-3.0 study-only: do not copy source into PQTS without explicit license decision.,635,24,11159c7379fa3c9651db9944ce118e554de50f0788fd35b89df7ff6ee811104a,Assimilate data/exchange abstraction ideas in read-only/shadow mode first.
freqtrade/freqtrade,e00a1fd28c03,freqtrade/exchange/common.py,market_data_exchange,P1,medium,unreviewed,pending,src/markets + src/adapters + data/lake,GPL-3.0 study-only: do not copy source into PQTS without explicit license decision.,6370,202,82ccfa3cde46fed6cd38a0e6d0b94f6112b508eba49265c964c1f6d1ee145918,Assimilate data/exchange abstraction ideas in read-only/shadow mode first.
freqtrade/freqtrade,e00a1fd28c03,freqtrade/exchange/cryptocom.py,market_data_exchange,P1,medium,unreviewed,pending,src/markets + src/adapters + data/lake,GPL-3.0 study-only: do not copy source into PQTS without explicit license decision.,393,19,9763fe8728f6b502f639636c558df9a8206376b67c8ae4fcea619c00ba61d9fa,Assimilate data/exchange abstraction ideas in read-only/shadow mode first.
freqtrade/freqtrade,e00a1fd28c03,freqtrade/exchange/exchange.py,market_data_exchange,P1,medium,unreviewed,pending,src/markets + src/adapters + data/lake,GPL-3.0 study-only: do not copy source into PQTS without explicit license decision.,172439,4149,768825bd51c3e930107303b7beaefe1f9f72eb73bef5c733553619b86a46c8bd,Assimilate data/exchange abstraction ideas in read-only/shadow mode first.
freqtrade/freqtrade,e00a1fd28c03,freqtrade/exchange/exchange_types.py,market_data_exchange,P1,medium,unreviewed,pending,src/markets + src/adapters + data/lake,GPL-3.0 study-only: do not copy source into PQTS without explicit license decision.,3961,143,d501a30d07fdb7678599618491883c0ccd64070e96befa0fca27156b32476874,Assimilate data/exchange abstraction ideas in read-only/shadow mode first.
freqtrade/freqtrade,e00a1fd28c03,freqtrade/exchange/exchange_utils.py,market_data_exchange,P1,medium,unreviewed,pending,src/markets + src/adapters + data/lake,GPL-3.0 study-only: do not copy source into PQTS without explicit license decision.,13223,368,446b04db71ea5c9e4e525cf4b8a2158afcdbf7d1ea9095cd4afc30d9164a05ea,Assimilate data/exchange abstraction ideas in read-only/shadow mode first.
freqtrade/freqtrade,e00a1fd28c03,freqtrade/exchange/exchange_utils_timeframe.py,market_data_exchange,P1,medium,unreviewed,pending,src/markets + src/adapters + data/lake,GPL-3.0 study-only: do not copy source into PQTS without explicit license decision.,3250,93,eff0ba69f833dabe101d4fa31f78a6709ab58a3dcedddc8c7e8cdffed4281dc6,Assimilate data/exchange abstraction ideas in read-only/shadow mode first.
freqtrade/freqtrade,e00a1fd28c03,freqtrade/exchange/exchange_ws.py,market_data_exchange,P1,medium,unreviewed,pending,src/markets + src/adapters + data/lake,GPL-3.0 study-only: do not copy source into PQTS without explicit license decision.,12818,298,e24f84db42995acfbfd23379e4f57deb2d8c316e099764cec58e9dbfced86020,Assimilate data/exchange abstraction ideas in read-only/shadow mode first.
freqtrade/freqtrade,e00a1fd28c03,freqtrade/exchange/gate.py,market_data_exchange,P1,medium,unreviewed,pending,src/markets + src/adapters + data/lake,GPL-3.0 study-only: do not copy source into PQTS without explicit license decision.,5031,133,c9ffe92299131f1320ed3c1033911c423c40094011b072623e12a6c17bcdb558,Assimilate data/exchange abstraction ideas in read-only/shadow mode first.
freqtrade/freqtrade,e00a1fd28c03,freqtrade/exchange/hitbtc.py,market_data_exchange,P1,medium,unreviewed,pending,src/markets + src/adapters + data/lake,GPL-3.0 study-only: do not copy source into PQTS without explicit license decision.,546,22,cc424e07ebc26fdf963c20669c51a66a2e9c6d3dd5e50585045b568d045662ef,Assimilate data/exchange abstraction ideas in read-only/shadow mode first.
freqtrade/freqtrade,e00a1fd28c03,freqtrade/exchange/htx.py,market_data_exchange,P1,medium,unreviewed,pending,src/markets + src/adapters + data/lake,GPL-3.0 study-only: do not copy source into PQTS without explicit license decision.,1107,40,30888657faa7102f45079858856d66c0c92bca516910e888c8818fc4cbceab44,Assimilate data/exchange abstraction ideas in read-only/shadow mode first.
freqtrade/freqtrade,e00a1fd28c03,freqtrade/exchange/hyperliquid.py,market_data_exchange,P1,medium,unreviewed,pending,src/markets + src/adapters + data/lake,GPL-3.0 study-only: do not copy source into PQTS without explicit license decision.,15214,371,716de4c441204aee22b9e10682d2dcd848f2fb8ebee064253e991e3097d5b794,Assimilate data/exchange abstraction ideas in read-only/shadow mode first.
freqtrade/freqtrade,e00a1fd28c03,freqtrade/exchange/idex.py,market_data_exchange,P1,medium,unreviewed,pending,src/markets + src/adapters + data/lake,GPL-3.0 study-only: do not copy source into PQTS without explicit license decision.,382,20,e128bad5d221f782484939b7aa35c2af2abf861241964409b90a2ce331851b0f,Assimilate data/exchange abstraction ideas in read-only/shadow mode first.
freqtrade/freqtrade,e00a1fd28c03,freqtrade/exchange/kraken.py,market_data_exchange,P1,medium,unreviewed,pending,src/markets + src/adapters + data/lake,GPL-3.0 study-only: do not copy source into PQTS without explicit license decision.,6005,159,9fc3e88e63bf73309585a1e2e1bb854d0f7c997065d8e2eb1bb3794b42f7374d,Assimilate data/exchange abstraction ideas in read-only/shadow mode first.
freqtrade/freqtrade,e00a1fd28c03,freqtrade/exchange/krakenfutures.py,market_data_exchange,P1,medium,unreviewed,pending,src/markets + src/adapters + data/lake,GPL-3.0 study-only: do not copy source into PQTS without explicit license decision.,13128,300,6e6b2e2e01ca45989de6513028a903cb652654396f41bc8684153579b1afa3b0,Assimilate data/exchange abstraction ideas in read-only/shadow mode first.
freqtrade/freqtrade,e00a1fd28c03,freqtrade/exchange/kucoin.py,market_data_exchange,P1,medium,unreviewed,pending,src/markets + src/adapters + data/lake,GPL-3.0 study-only: do not copy source into PQTS without explicit license decision.,2200,69,7f7bec2d5931cc46425f050d33d1619b0687c8bf52a907d8e66dd5a1c19813d9,Assimilate data/exchange abstraction ideas in read-only/shadow mode first.
freqtrade/freqtrade,e00a1fd28c03,freqtrade/exchange/lbank.py,market_data_exchange,P1,medium,unreviewed,pending,src/markets + src/adapters + data/lake,GPL-3.0 study-only: do not copy source into PQTS without explicit license decision.,483,21,9ada94793d81493be87b796f455445419b2e8a9c58996d1b563eaa391de2e953,Assimilate data/exchange abstraction ideas in read-only/shadow mode first.
freqtrade/freqtrade,e00a1fd28c03,freqtrade/exchange/luno.py,market_data_exchange,P1,medium,unreviewed,pending,src/markets + src/adapters + data/lake,GPL-3.0 study-only: do not copy source into PQTS without explicit license decision.,732,24,57255d7c58d7a09f09c8ab6dbc2cce4e77a90c8c6a26c5a3af91bff5237c5e25,Assimilate data/exchange abstraction ideas in read-only/shadow mode first.
freqtrade/freqtrade,e00a1fd28c03,freqtrade/exchange/modetrade.py,market_data_exchange,P1,medium,unreviewed,pending,src/markets + src/adapters + data/lake,GPL-3.0 study-only: do not copy source into PQTS without explicit license decision.,797,27,e60d65057289feedd0091abf3a047eec421d8781956e97a3895c5b471ee66899,Assimilate data/exchange abstraction ideas in read-only/shadow mode first.
freqtrade/freqtrade,e00a1fd28c03,freqtrade/exchange/okx.py,market_data_exchange,P1,medium,unreviewed,pending,src/markets + src/adapters + data/lake,GPL-3.0 study-only: do not copy source into PQTS without explicit license decision.,11495,297,173d3bf1a35b5c3c62574ce9caeeb552af8b3a3c1fedbcd85f3f952c32b6d433,Assimilate data/exchange abstraction ideas in read-only/shadow mode first.
freqtrade/freqtrade,e00a1fd28c03,docs/freq-ui.md,ops_control_surface,P2,medium,unreviewed,pending,services/api + apps/web + scripts ops commands,GPL-3.0 study-only: do not copy source into PQTS without explicit license decision.,5507,110,dae398ce758117240f19619a9998701692f2acc46700d5f76ccbc67f201ab7eb,Study control-plane UX and command surfaces; preserve PQTS approval gates.
freqtrade/freqtrade,e00a1fd28c03,docs/rest-api.md,ops_control_surface,P2,medium,unreviewed,pending,services/api + apps/web + scripts ops commands,GPL-3.0 study-only: do not copy source into PQTS without explicit license decision.,17965,355,0447bb4e836e85074947982d95f4ff27ea4e03b1949ac10204701534880c9e4b,Study control-plane UX and command surfaces; preserve PQTS approval gates.
freqtrade/freqtrade,e00a1fd28c03,docs/telegram-usage.md,ops_control_surface,P2,medium,unreviewed,pending,services/api + apps/web + scripts ops commands,GPL-3.0 study-only: do not copy source into PQTS without explicit license decision.,20531,482,01f4b9740783784d42c4630179a91c395592c9af449be8336026354b5effc0c2,Study control-plane UX and command surfaces; preserve PQTS approval gates.
freqtrade/freqtrade,e00a1fd28c03,freqtrade/commands/__init__.py,ops_control_surface,P2,medium,unreviewed,pending,services/api + apps/web + scripts ops commands,GPL-3.0 study-only: do not copy source into PQTS without explicit license decision.,1733,48,41013c41a0474e7cdd02d7869007bbafe01078aeec646d545caabde7dcaef2fe,Study control-plane UX and command surfaces; preserve PQTS approval gates.
freqtrade/freqtrade,e00a1fd28c03,freqtrade/commands/analyze_commands.py,ops_control_surface,P2,medium,unreviewed,pending,services/api + apps/web + scripts ops commands,GPL-3.0 study-only: do not copy source into PQTS without explicit license decision.,624,24,f06c223e11809e9059501c71df9351324cf83c01b990e3537a6910117b6c4a69,Study control-plane UX and command surfaces; preserve PQTS approval gates.
freqtrade/freqtrade,e00a1fd28c03,freqtrade/commands/arguments.py,ops_control_surface,P2,medium,unreviewed,pending,services/api + apps/web + scripts ops commands,GPL-3.0 study-only: do not copy source into PQTS without explicit license decision.,23290,718,202b5786736ce523a3dcc27f1c8f57c3e51caaa73033af56ff0c79e93d3222ea,Study control-plane UX and command surfaces; preserve PQTS approval gates.
freqtrade/freqtrade,e00a1fd28c03,freqtrade/commands/build_config_commands.py,ops_control_surface,P2,medium,unreviewed,pending,services/api + apps/web + scripts ops commands,GPL-3.0 study-only: do not copy source into PQTS without explicit license decision.,1644,53,834dbbf06f501e82bcb10f06707f36d47e2d46020bd00944588e1d77e9f3cc76,Study control-plane UX and command surfaces; preserve PQTS approval gates.
freqtrade/freqtrade,e00a1fd28c03,freqtrade/commands/cli_options.py,ops_control_surface,P2,medium,unreviewed,pending,services/api + apps/web + scripts ops commands,GPL-3.0 study-only: do not copy source into PQTS without explicit license decision.,27308,851,e925b70169040e33736ad4888a887e38252ae5e9b396327e57171c81024f58a5,Study control-plane UX and command surfaces; preserve PQTS approval gates.
freqtrade/freqtrade,e00a1fd28c03,freqtrade/commands/data_commands.py,ops_control_surface,P2,medium,unreviewed,pending,services/api + apps/web + scripts ops commands,GPL-3.0 study-only: do not copy source into PQTS without explicit license decision.,7982,231,cd1a34ed0b922bfe1e53b9f6305c9d0185eb9ecffa9f91edc5329b54799a2cc3,Study control-plane UX and command surfaces; preserve PQTS approval gates.
freqtrade/freqtrade,e00a1fd28c03,freqtrade/commands/db_commands.py,ops_control_surface,P2,medium,unreviewed,pending,services/api + apps/web + scripts ops commands,GPL-3.0 study-only: do not copy source into PQTS without explicit license decision.,609,22,6944c5bfa4ad42ca89acfcb7274bea516e65b7c9e19577596a6cf51013f0575f,Study control-plane UX and command surfaces; preserve PQTS approval gates.
freqtrade/freqtrade,e00a1fd28c03,freqtrade/commands/deploy_commands.py,ops_control_surface,P2,medium,unreviewed,pending,services/api + apps/web + scripts ops commands,GPL-3.0 study-only: do not copy source into PQTS without explicit license decision.,4879,133,ed458b713408a5f37543a2931005c1a42c657e8efe1f118b005d97c0e54aa99f,Study control-plane UX and command surfaces; preserve PQTS approval gates.
freqtrade/freqtrade,e00a1fd28c03,freqtrade/commands/deploy_ui.py,ops_control_surface,P2,medium,unreviewed,pending,services/api + apps/web + scripts ops commands,GPL-3.0 study-only: do not copy source into PQTS without explicit license decision.,2525,87,cb20dbe395095236bab0147f37f5421667f1abbc0699f4826ee16c9f85abc33f,Study control-plane UX and command surfaces; preserve PQTS approval gates.
freqtrade/freqtrade,e00a1fd28c03,freqtrade/commands/list_commands.py,ops_control_surface,P2,medium,unreviewed,pending,services/api + apps/web + scripts ops commands,GPL-3.0 study-only: do not copy source into PQTS without explicit license decision.,14268,404,45f5687a9bc6146386cc9e93357608cf39c22aef566fc3855a74341ad04e1ae4,Study control-plane UX and command surfaces; preserve PQTS approval gates.
freqtrade/freqtrade,e00a1fd28c03,freqtrade/commands/optimize_commands.py,ops_control_surface,P2,medium,unreviewed,pending,services/api + apps/web + scripts ops commands,GPL-3.0 study-only: do not copy source into PQTS without explicit license decision.,5470,161,4ee2e9ecf083fbadb8322d6c97a358177f2ffc66c1780953b74e5160b8b6e6c7,Study control-plane UX and command surfaces; preserve PQTS approval gates.
freqtrade/freqtrade,e00a1fd28c03,freqtrade/commands/pairlist_commands.py,ops_control_surface,P2,medium,unreviewed,pending,services/api + apps/web + scripts ops commands,GPL-3.0 study-only: do not copy source into PQTS without explicit license decision.,1461,45,369ea69b92068939e0efeaf667ba04762f67ac94dc5883b947a167edfe9e4597,Study control-plane UX and command surfaces; preserve PQTS approval gates.
freqtrade/freqtrade,e00a1fd28c03,freqtrade/commands/plot_commands.py,ops_control_surface,P2,medium,unreviewed,pending,services/api + apps/web + scripts ops commands,GPL-3.0 study-only: do not copy source into PQTS without explicit license decision.,1233,40,115ddbd1f86907d7a0b3b10fe7346b8f7e47217c14f8533f137fafbbea96fb7e,Study control-plane UX and command surfaces; preserve PQTS approval gates.
freqtrade/freqtrade,e00a1fd28c03,freqtrade/commands/strategy_utils_commands.py,ops_control_surface,P2,medium,unreviewed,pending,services/api + apps/web + scripts ops commands,GPL-3.0 study-only: do not copy source into PQTS without explicit license decision.,1731,54,6bc97b7d3fdf1c94b9cb68a318abac4d0c87a96220a0a60d46ff7223cdcbdd03,Study control-plane UX and command surfaces; preserve PQTS approval gates.
freqtrade/freqtrade,e00a1fd28c03,freqtrade/commands/trade_commands.py,ops_control_surface,P2,medium,unreviewed,pending,services/api + apps/web + scripts ops commands,GPL-3.0 study-only: do not copy source into PQTS without explicit license decision.,744,30,3aa06d0e34f94ee9f863551f16f07521fdf3914dc818207ab9c3d084a21ac288,Study control-plane UX and command surfaces; preserve PQTS approval gates.
freqtrade/freqtrade,e00a1fd28c03,freqtrade/commands/webserver_commands.py,ops_control_surface,P2,medium,unreviewed,pending,services/api + apps/web + scripts ops commands,GPL-3.0 study-only: do not copy source into PQTS without explicit license decision.,422,16,afa2b6f9a2d28ae04a3479baa5c46fe87805cb8fe3f28cdec4081160408b5677,Study control-plane UX and command surfaces; preserve PQTS approval gates.
freqtrade/freqtrade,e00a1fd28c03,freqtrade/rpc/__init__.py,ops_control_surface,P2,medium,unreviewed,pending,services/api + apps/web + scripts ops commands,GPL-3.0 study-only: do not copy source into PQTS without explicit license decision.,111,2,49574af27dae2c28fb9a25b2b490b3ba9c22ec3dd85ef31389df2b6375633589,Study control-plane UX and command surfaces; preserve PQTS approval gates.
freqtrade/freqtrade,e00a1fd28c03,freqtrade/rpc/api_server/__init__.py,ops_control_surface,P2,medium,unreviewed,pending,services/api + apps/web + scripts ops commands,GPL-3.0 study-only: do not copy source into PQTS without explicit license decision.,47,1,5fec8e8d48e4a254b5769749c2581eb4fcb5c8a5e4304f72aac15c7613ae5d8f,Study control-plane UX and command surfaces; preserve PQTS approval gates.
freqtrade/freqtrade,e00a1fd28c03,freqtrade/rpc/api_server/api_auth.py,ops_control_surface,P2,medium,unreviewed,pending,services/api + apps/web + scripts ops commands,GPL-3.0 study-only: do not copy source into PQTS without explicit license decision.,5403,161,f816c31d6301caa1735665d86e9b1fa694e0b8a9dfc524aa3386b21e1faadeee,Study control-plane UX and command surfaces; preserve PQTS approval gates.
freqtrade/freqtrade,e00a1fd28c03,freqtrade/rpc/api_server/api_background_tasks.py,ops_control_surface,P2,medium,unreviewed,pending,services/api + apps/web + scripts ops commands,GPL-3.0 study-only: do not copy source into PQTS without explicit license decision.,1350,45,edeea289679ef3c3f382bf78392b6296b4e9af9e756a7f95df058f5a0df209de,Study control-plane UX and command surfaces; preserve PQTS approval gates.
freqtrade/freqtrade,e00a1fd28c03,freqtrade/rpc/api_server/api_download_data.py,ops_control_surface,P2,medium,unreviewed,pending,services/api + apps/web + scripts ops commands,GPL-3.0 study-only: do not copy source into PQTS without explicit license decision.,3130,89,049cdeb2e685b6598965a180246b4718b6947965b0406ec72ba3e7b4a67d5e4b,Study control-plane UX and command surfaces; preserve PQTS approval gates.
freqtrade/freqtrade,e00a1fd28c03,freqtrade/rpc/api_server/api_pair_history.py,ops_control_surface,P2,medium,unreviewed,pending,services/api + apps/web + scripts ops commands,GPL-3.0 study-only: do not copy source into PQTS without explicit license decision.,2600,79,750b32d6c0ab43a68410bf67126653791e942b9c02354e0e1d37ee099bcfe22e,Study control-plane UX and command surfaces; preserve PQTS approval gates.
freqtrade/freqtrade,e00a1fd28c03,freqtrade/rpc/api_server/api_pairlists.py,ops_control_surface,P2,medium,unreviewed,pending,services/api + apps/web + scripts ops commands,GPL-3.0 study-only: do not copy source into PQTS without explicit license decision.,4816,144,f3ee6caff0b6c47538f364848debf54942056c2e6bdfc8a64429cf0474d4288b,Study control-plane UX and command surfaces; preserve PQTS approval gates.
freqtrade/freqtrade,e00a1fd28c03,freqtrade/rpc/api_server/api_schemas.py,ops_control_surface,P2,medium,unreviewed,pending,services/api + apps/web + scripts ops commands,GPL-3.0 study-only: do not copy source into PQTS without explicit license decision.,17820,750,c4781004d4063b3271334bea8e511290085ebe74ceaad53f2788859619b244fe,Study control-plane UX and command surfaces; preserve PQTS approval gates.
freqtrade/freqtrade,e00a1fd28c03,freqtrade/rpc/api_server/api_trading.py,ops_control_surface,P2,medium,unreviewed,pending,services/api + apps/web + scripts ops commands,GPL-3.0 study-only: do not copy source into PQTS without explicit license decision.,12393,354,e8592d9ba1c1f7b920b06b77de4d193cb0f1572e74326bbab7737d55e0b99b21,Study control-plane UX and command surfaces; preserve PQTS approval gates.
freqtrade/freqtrade,e00a1fd28c03,freqtrade/rpc/api_server/api_v1.py,ops_control_surface,P2,medium,unreviewed,pending,services/api + apps/web + scripts ops commands,GPL-3.0 study-only: do not copy source into PQTS without explicit license decision.,6700,203,17bb35c065a06db2599bf80887d39404e7b553ab50406f35bfb0db739c688605,Study control-plane UX and command surfaces; preserve PQTS approval gates.
freqtrade/freqtrade,e00a1fd28c03,freqtrade/rpc/api_server/api_webserver.py,ops_control_surface,P2,medium,unreviewed,pending,services/api + apps/web + scripts ops commands,GPL-3.0 study-only: do not copy source into PQTS without explicit license decision.,3561,109,833b32493c0422c9d9e6df4a503caea9c06f8168dff16997bc7a19e953a3e216,Study control-plane UX and command surfaces; preserve PQTS approval gates.
freqtrade/freqtrade,e00a1fd28c03,freqtrade/rpc/api_server/api_ws.py,ops_control_surface,P2,medium,unreviewed,pending,services/api + apps/web + scripts ops commands,GPL-3.0 study-only: do not copy source into PQTS without explicit license decision.,4500,124,9f1145caaa8cca62382df3ad78c20b8f5a5fd39fc07b46e1292c88628ab12711,Study control-plane UX and command surfaces; preserve PQTS approval gates.
freqtrade/freqtrade,e00a1fd28c03,freqtrade/rpc/api_server/deps.py,ops_control_surface,P2,medium,unreviewed,pending,services/api + apps/web + scripts ops commands,GPL-3.0 study-only: do not copy source into PQTS without explicit license decision.,2661,86,fd8f68a1d9d2217f26c50e419d4df6a93eaff46b8dd0e3e8ae7bd0376b235e99,Study control-plane UX and command surfaces; preserve PQTS approval gates.
freqtrade/freqtrade,e00a1fd28c03,freqtrade/rpc/api_server/ui/fallback_file.html,ops_control_surface,P2,medium,unreviewed,pending,services/api + apps/web + scripts ops commands,GPL-3.0 study-only: do not copy source into PQTS without explicit license decision.,753,31,6463da872b60b1e8f0c72d19b97454e2b3d667b127d4ecf4ee07396885b788a5,Study control-plane UX and command surfaces; preserve PQTS approval gates.
freqtrade/freqtrade,e00a1fd28c03,freqtrade/rpc/api_server/ui/favicon.ico,ops_control_surface,P2,medium,unreviewed,pending,services/api + apps/web + scripts ops commands,GPL-3.0 study-only: do not copy source into PQTS without explicit license decision.,126794,47,9a314f7597f396bc106a75fd95e612db56f366e123cdae5542e5a0798ae9a65b,Study control-plane UX and command surfaces; preserve PQTS approval gates.
freqtrade/freqtrade,e00a1fd28c03,freqtrade/rpc/api_server/ui/installed/.gitkeep,ops_control_surface,P2,medium,unreviewed,pending,services/api + apps/web + scripts ops commands,GPL-3.0 study-only: do not copy source into PQTS without explicit license decision.,0,0,e3b0c44298fc1c149afbf4c8996fb92427ae41e4649b934ca495991b7852b855,Study control-plane UX and command surfaces; preserve PQTS approval gates.
freqtrade/freqtrade,e00a1fd28c03,freqtrade/rpc/api_server/uvicorn_threaded.py,ops_control_surface,P2,medium,unreviewed,pending,services/api + apps/web + scripts ops commands,GPL-3.0 study-only: do not copy source into PQTS without explicit license decision.,2091,64,e0637737b29a210a40248fbc5b5a87e88727aedcb8fbbd12b70f60287b34f591,Study control-plane UX and command surfaces; preserve PQTS approval gates.
freqtrade/freqtrade,e00a1fd28c03,freqtrade/rpc/api_server/web_ui.py,ops_control_surface,P2,medium,unreviewed,pending,services/api + apps/web + scripts ops commands,GPL-3.0 study-only: do not copy source into PQTS without explicit license decision.,1838,55,55267cd52f03834ddf1aa51b0d309078400f63b02f09c92e27c57c081c70598c,Study control-plane UX and command surfaces; preserve PQTS approval gates.
freqtrade/freqtrade,e00a1fd28c03,freqtrade/rpc/api_server/webserver.py,ops_control_surface,P2,medium,unreviewed,pending,services/api + apps/web + scripts ops commands,GPL-3.0 study-only: do not copy source into PQTS without explicit license decision.,11470,330,e2b536c8a240f831b85da3386c10841f84d74dbaf20df79e62c181d017862808,Study control-plane UX and command surfaces; preserve PQTS approval gates.
freqtrade/freqtrade,e00a1fd28c03,freqtrade/rpc/api_server/webserver_bgwork.py,ops_control_surface,P2,medium,unreviewed,pending,services/api + apps/web + scripts ops commands,GPL-3.0 study-only: do not copy source into PQTS without explicit license decision.,1206,49,26d6a197e1fc41e285efcbc415b531763d5228ce33e39dca3e6506322b1fd76e,Study control-plane UX and command surfaces; preserve PQTS approval gates.
freqtrade/freqtrade,e00a1fd28c03,freqtrade/rpc/api_server/ws/__init__.py,ops_control_surface,P2,medium,unreviewed,pending,services/api + apps/web + scripts ops commands,GPL-3.0 study-only: do not copy source into PQTS without explicit license decision.,422,6,66830d78edf1b0d2a6041e96f02cf846e72796a20677879d5432c9fddbf3e3e7,Study control-plane UX and command surfaces; preserve PQTS approval gates.
freqtrade/freqtrade,e00a1fd28c03,freqtrade/rpc/api_server/ws/channel.py,ops_control_surface,P2,medium,unreviewed,pending,services/api + apps/web + scripts ops commands,GPL-3.0 study-only: do not copy source into PQTS without explicit license decision.,7459,240,77ae25e3ee8eee10e00ffe2b289d8d988f5c41327cc5a938c2a8ed679ae8c2c4,Study control-plane UX and command surfaces; preserve PQTS approval gates.
freqtrade/freqtrade,e00a1fd28c03,freqtrade/rpc/api_server/ws/message_stream.py,ops_control_surface,P2,medium,unreviewed,pending,services/api + apps/web + scripts ops commands,GPL-3.0 study-only: do not copy source into PQTS without explicit license decision.,899,32,921d6c77f868502992a90ea091c70acc1de6b3490bdf1aac1dcd1c4de83e3718,Study control-plane UX and command surfaces; preserve PQTS approval gates.
freqtrade/freqtrade,e00a1fd28c03,freqtrade/rpc/api_server/ws/proxy.py,ops_control_surface,P2,medium,unreviewed,pending,services/api + apps/web + scripts ops commands,GPL-3.0 study-only: do not copy source into PQTS without explicit license decision.,2276,73,3b24315969ce49b6567ff85a635cfb0a9c10d14e574170b2c012e880c6216893,Study control-plane UX and command surfaces; preserve PQTS approval gates.
freqtrade/freqtrade,e00a1fd28c03,freqtrade/rpc/api_server/ws/serializer.py,ops_control_surface,P2,medium,unreviewed,pending,services/api + apps/web + scripts ops commands,GPL-3.0 study-only: do not copy source into PQTS without explicit license decision.,1625,57,5e1885756fc8abc158bf813c14125661fa29b6914510c43c6e96e0abf87d3cb9,Study control-plane UX and command surfaces; preserve PQTS approval gates.
freqtrade/freqtrade,e00a1fd28c03,freqtrade/rpc/api_server/ws/ws_types.py,ops_control_surface,P2,medium,unreviewed,pending,services/api + apps/web + scripts ops commands,GPL-3.0 study-only: do not copy source into PQTS without explicit license decision.,252,8,415c5305a6882cdd0664465f808b7842954237a10b7073adef15cc484f4e81b6,Study control-plane UX and command surfaces; preserve PQTS approval gates.
freqtrade/freqtrade,e00a1fd28c03,freqtrade/rpc/api_server/ws_schemas.py,ops_control_surface,P2,medium,unreviewed,pending,services/api + apps/web + scripts ops commands,GPL-3.0 study-only: do not copy source into PQTS without explicit license decision.,1855,73,5574aac2abb11a1f70696a27acb0a213ca40f6fa1e9198e21adbf3ac134f5dfe,Study control-plane UX and command surfaces; preserve PQTS approval gates.
freqtrade/freqtrade,e00a1fd28c03,freqtrade/rpc/discord.py,ops_control_surface,P2,medium,unreviewed,pending,services/api + apps/web + scripts ops commands,GPL-3.0 study-only: do not copy source into PQTS without explicit license decision.,2067,61,9f816b86f3ebb9e9434ce24a0b44f7a988b39c2eca46e2bf760f8ca34b662eef,Study control-plane UX and command surfaces; preserve PQTS approval gates.
freqtrade/freqtrade,e00a1fd28c03,freqtrade/rpc/external_message_consumer.py,ops_control_surface,P2,medium,unreviewed,pending,services/api + apps/web + scripts ops commands,GPL-3.0 study-only: do not copy source into PQTS without explicit license decision.,14301,393,d8c43c11ad9902f80e5857dd0f57d0d7f5b92f0f8c008628cb685cc1c7052192,Study control-plane UX and command surfaces; preserve PQTS approval gates.
freqtrade/freqtrade,e00a1fd28c03,freqtrade/rpc/fiat_convert.py,ops_control_surface,P2,medium,unreviewed,pending,services/api + apps/web + scripts ops commands,GPL-3.0 study-only: do not copy source into PQTS without explicit license decision.,6981,190,d9166d692c27477d35590c0f50a3365be8fb9a9a423d98551652d5ca905c56ea,Study control-plane UX and command surfaces; preserve PQTS approval gates.
freqtrade/freqtrade,e00a1fd28c03,freqtrade/rpc/rpc.py,ops_control_surface,P2,medium,unreviewed,pending,services/api + apps/web + scripts ops commands,GPL-3.0 study-only: do not copy source into PQTS without explicit license decision.,74247,1828,88a120f2484411d2853b9dfed6ae0bfae06fd679cbd39ed5bbc4501eedf39735,Study control-plane UX and command surfaces; preserve PQTS approval gates.
freqtrade/freqtrade,e00a1fd28c03,freqtrade/rpc/rpc_manager.py,ops_control_surface,P2,medium,unreviewed,pending,services/api + apps/web + scripts ops commands,GPL-3.0 study-only: do not copy source into PQTS without explicit license decision.,5478,144,c60e2178ace29ec3efaad057a30b75adaa057a74cd250f34b8bb09d02527d1fe,Study control-plane UX and command surfaces; preserve PQTS approval gates.
freqtrade/freqtrade,e00a1fd28c03,freqtrade/rpc/rpc_types.py,ops_control_surface,P2,medium,unreviewed,pending,services/api + apps/web + scripts ops commands,GPL-3.0 study-only: do not copy source into PQTS without explicit license decision.,3181,139,4f63a98f670d4872649baabeed5d00fa0e28897ca60141b1f02eb6806731c38c,Study control-plane UX and command surfaces; preserve PQTS approval gates.
freqtrade/freqtrade,e00a1fd28c03,freqtrade/rpc/telegram.py,ops_control_surface,P2,medium,unreviewed,pending,services/api + apps/web + scripts ops commands,GPL-3.0 study-only: do not copy source into PQTS without explicit license decision.,93012,2285,bad059b9cb3aff706b6a503d376dc2335e138194f7e968cc971835548213cb24,Study control-plane UX and command surfaces; preserve PQTS approval gates.
freqtrade/freqtrade,e00a1fd28c03,freqtrade/rpc/webhook.py,ops_control_surface,P2,medium,unreviewed,pending,services/api + apps/web + scripts ops commands,GPL-3.0 study-only: do not copy source into PQTS without explicit license decision.,5388,148,98f911633226f2a2cb830889978e73dff225d6a64dcae469ab202474f7e0209e,Study control-plane UX and command surfaces; preserve PQTS approval gates.
freqtrade/freqtrade,e00a1fd28c03,freqtrade/data/btanalysis/__init__.py,persistence_analysis,P2,medium,unreviewed,pending,src/analytics + src/execution/order_ledger.py,GPL-3.0 study-only: do not copy source into PQTS without explicit license decision.,834,30,af46b06480b19fa40cccc5aec734e807b1ce840a2d3e1ec5495442d555278c99,"Study analysis persistence, not execution-ledger replacement."
freqtrade/freqtrade,e00a1fd28c03,freqtrade/data/btanalysis/bt_fileutils.py,persistence_analysis,P2,medium,unreviewed,pending,src/analytics + src/execution/order_ledger.py,GPL-3.0 study-only: do not copy source into PQTS without explicit license decision.,21678,604,1dfe559ce76db1d9e66f545c9d7616a66ba0ba4c808f419a9267d9438301aa99,"Study analysis persistence, not execution-ledger replacement."
freqtrade/freqtrade,e00a1fd28c03,freqtrade/data/btanalysis/historic_precision.py,persistence_analysis,P2,medium,unreviewed,pending,src/analytics + src/execution/order_ledger.py,GPL-3.0 study-only: do not copy source into PQTS without explicit license decision.,1316,31,eb8c134741bf4de3fd855d9b727cd9b8a9856490f0fb4485d216f2156b32226f,"Study analysis persistence, not execution-ledger replacement."
freqtrade/freqtrade,e00a1fd28c03,freqtrade/data/btanalysis/trade_parallelism.py,persistence_analysis,P2,medium,unreviewed,pending,src/analytics + src/execution/order_ledger.py,GPL-3.0 study-only: do not copy source into PQTS without explicit license decision.,6844,158,4f2efd36a7d9481382febe0bbddba3de5b88427960a74b39169a20fa5178f73c,"Study analysis persistence, not execution-ledger replacement."
freqtrade/freqtrade,e00a1fd28c03,freqtrade/persistence/__init__.py,persistence_analysis,P2,medium,unreviewed,pending,src/analytics + src/execution/order_ledger.py,GPL-3.0 study-only: do not copy source into PQTS without explicit license decision.,533,13,2b79c2d16a202cfa19739931a4cdec9711a573e088cdfb8516c378a730c5da8d,"Study analysis persistence, not execution-ledger replacement."
freqtrade/freqtrade,e00a1fd28c03,freqtrade/persistence/base.py,persistence_analysis,P2,medium,unreviewed,pending,src/analytics + src/execution/order_ledger.py,GPL-3.0 study-only: do not copy source into PQTS without explicit license decision.,153,8,2b26abdffc7e139d7dc2a28d0555303b388e66a2ddd50bc92400fa5ff1dbd152,"Study analysis persistence, not execution-ledger replacement."
freqtrade/freqtrade,e00a1fd28c03,freqtrade/persistence/custom_data.py,persistence_analysis,P2,medium,unreviewed,pending,src/analytics + src/execution/order_ledger.py,GPL-3.0 study-only: do not copy source into PQTS without explicit license decision.,6625,182,d9a24c42ed2ce4b84a7764172363675b39d55030826a6e02a157c13e6dfb4efc,"Study analysis persistence, not execution-ledger replacement."
freqtrade/freqtrade,e00a1fd28c03,freqtrade/persistence/db_migration.py,persistence_analysis,P2,medium,unreviewed,pending,src/analytics + src/execution/order_ledger.py,GPL-3.0 study-only: do not copy source into PQTS without explicit license decision.,2730,81,02bbdb599f44cdce9e68b1d023e08fdebbbad8b476db19e795fd4f58784150a9,"Study analysis persistence, not execution-ledger replacement."
freqtrade/freqtrade,e00a1fd28c03,freqtrade/persistence/key_value_store.py,persistence_analysis,P2,medium,unreviewed,pending,src/analytics + src/execution/order_ledger.py,GPL-3.0 study-only: do not copy source into PQTS without explicit license decision.,6864,214,b377fc0ab414bdc05f7989cd8c77460d6b106ad54eb5c808bbc5f2a64eb8cf41,"Study analysis persistence, not execution-ledger replacement."
freqtrade/freqtrade,e00a1fd28c03,freqtrade/persistence/migrations.py,persistence_analysis,P2,medium,unreviewed,pending,src/analytics + src/execution/order_ledger.py,GPL-3.0 study-only: do not copy source into PQTS without explicit license decision.,20390,482,cc105b2892fe0ac5cd54644cf8116335e19f90dac0182609c49ad84079ef20ef,"Study analysis persistence, not execution-ledger replacement."
freqtrade/freqtrade,e00a1fd28c03,freqtrade/persistence/models.py,persistence_analysis,P2,medium,unreviewed,pending,src/analytics + src/execution/order_ledger.py,GPL-3.0 study-only: do not copy source into PQTS without explicit license decision.,3815,118,729d261a8927f96dec2700f2f1f1dd16f2f91d43f880c30f48fb0a8d15c38bdf,"Study analysis persistence, not execution-ledger replacement."
freqtrade/freqtrade,e00a1fd28c03,freqtrade/persistence/pairlock.py,persistence_analysis,P2,medium,unreviewed,pending,src/analytics + src/execution/order_ledger.py,GPL-3.0 study-only: do not copy source into PQTS without explicit license decision.,3220,83,75a13d4f691d51a51123dc56e3517d9711cc2afe538defad12f2605ec366a025,"Study analysis persistence, not execution-ledger replacement."
freqtrade/freqtrade,e00a1fd28c03,freqtrade/persistence/pairlock_middleware.py,persistence_analysis,P2,medium,unreviewed,pending,src/analytics + src/execution/order_ledger.py,GPL-3.0 study-only: do not copy source into PQTS without explicit license decision.,6902,200,e2664cf4480bcbdf4c242eed5b299d93add8becb74b207c1098fd986bf8057c1,"Study analysis persistence, not execution-ledger replacement."
freqtrade/freqtrade,e00a1fd28c03,freqtrade/persistence/trade_model.py,persistence_analysis,P2,medium,unreviewed,pending,src/analytics + src/execution/order_ledger.py,GPL-3.0 study-only: do not copy source into PQTS without explicit license decision.,85768,2161,79aeec95115e1687662eb5beda90e970471915c2ddd4e2d58d60e3fdf3bf79d1,"Study analysis persistence, not execution-ledger replacement."
freqtrade/freqtrade,e00a1fd28c03,freqtrade/persistence/usedb_context.py,persistence_analysis,P2,medium,unreviewed,pending,src/analytics + src/execution/order_ledger.py,GPL-3.0 study-only: do not copy source into PQTS without explicit license decision.,967,35,526653b523ef84f837c39662ebd9bfaf4fea827e11058f4103d1afbc1a968599,"Study analysis persistence, not execution-ledger replacement."
freqtrade/freqtrade,e00a1fd28c03,freqtrade/persistence/wallet_history.py,persistence_analysis,P2,medium,unreviewed,pending,src/analytics + src/execution/order_ledger.py,GPL-3.0 study-only: do not copy source into PQTS without explicit license decision.,2083,50,5973dbb7aa483015034b3a04a083b6b8ec553066d89bb23239b2315cf875d0a5,"Study analysis persistence, not execution-ledger replacement."
freqtrade/freqtrade,e00a1fd28c03,tests/__init__.py,test_suite,P2,medium,unreviewed,pending,tests,GPL-3.0 study-only: do not copy source into PQTS without explicit license decision.,0,0,e3b0c44298fc1c149afbf4c8996fb92427ae41e4649b934ca495991b7852b855,"Use as behavioral coverage inspiration, not as copied fixtures."
freqtrade/freqtrade,e00a1fd28c03,tests/commands/__init__.py,test_suite,P2,medium,unreviewed,pending,tests,GPL-3.0 study-only: do not copy source into PQTS without explicit license decision.,0,0,e3b0c44298fc1c149afbf4c8996fb92427ae41e4649b934ca495991b7852b855,"Use as behavioral coverage inspiration, not as copied fixtures."
freqtrade/freqtrade,e00a1fd28c03,tests/commands/test_build_config.py,test_suite,P2,medium,unreviewed,pending,tests,GPL-3.0 study-only: do not copy source into PQTS without explicit license decision.,4230,121,2d9bc0d4c4b3a39ce73ac0015a8fa40e0953cc8b730492a3ac72b4ef5f1e8f7c,"Use as behavioral coverage inspiration, not as copied fixtures."
freqtrade/freqtrade,e00a1fd28c03,tests/commands/test_commands.py,test_suite,P2,medium,unreviewed,pending,tests,GPL-3.0 study-only: do not copy source into PQTS without explicit license decision.,61865,2113,5fb0de694efc1f0eed6bb9a3e5d67736f9f511db7e359cc39c7648efd1948d9c,"Use as behavioral coverage inspiration, not as copied fixtures."
freqtrade/freqtrade,e00a1fd28c03,tests/commands/test_startup_time.py,test_suite,P2,medium,unreviewed,pending,tests,GPL-3.0 study-only: do not copy source into PQTS without explicit license decision.,539,20,ca4ab9cc422c3f57b4036e0bf853030fc0ae65f8300d0161810b507bd4d9de86,"Use as behavioral coverage inspiration, not as copied fixtures."
freqtrade/freqtrade,e00a1fd28c03,tests/config_test_comments.json,test_suite,P2,medium,unreviewed,pending,tests,GPL-3.0 study-only: do not copy source into PQTS without explicit license decision.,3482,129,76684b4f4b04b5110ac798aca784affce3956f3b736ab744216309df68e776e7,"Use as behavioral coverage inspiration, not as copied fixtures."
freqtrade/freqtrade,e00a1fd28c03,tests/conftest.py,test_suite,P2,medium,unreviewed,pending,tests,GPL-3.0 study-only: do not copy source into PQTS without explicit license decision.,106235,3459,a52b6905e65674d3d00b055a813721eb407f156eeec26e1dbfe32c04fd62b713,"Use as behavioral coverage inspiration, not as copied fixtures."
freqtrade/freqtrade,e00a1fd28c03,tests/conftest_trades.py,test_suite,P2,medium,unreviewed,pending,tests,GPL-3.0 study-only: do not copy source into PQTS without explicit license decision.,13910,511,629f5de2e43fa0774f3792a7b576062aed5a2125329e67250129edecc567fe76,"Use as behavioral coverage inspiration, not as copied fixtures."
freqtrade/freqtrade,e00a1fd28c03,tests/conftest_trades_usdt.py,test_suite,P2,medium,unreviewed,pending,tests,GPL-3.0 study-only: do not copy source into PQTS without explicit license decision.,10155,388,b14afcabcff9c05b7ef33a02e113992ee72787c6b5fb90ecaafefbaa807ff7b3,"Use as behavioral coverage inspiration, not as copied fixtures."
freqtrade/freqtrade,e00a1fd28c03,tests/data/__init__.py,test_suite,P2,medium,unreviewed,pending,tests,GPL-3.0 study-only: do not copy source into PQTS without explicit license decision.,0,0,e3b0c44298fc1c149afbf4c8996fb92427ae41e4649b934ca495991b7852b855,"Use as behavioral coverage inspiration, not as copied fixtures."
freqtrade/freqtrade,e00a1fd28c03,tests/data/test_btanalysis.py,test_suite,P2,medium,unreviewed,pending,tests,GPL-3.0 study-only: do not copy source into PQTS without explicit license decision.,11719,310,6ed48efb97820e084aae368d2715e0218a8c4e8633be856dbdc39d97d1a428e6,"Use as behavioral coverage inspiration, not as copied fixtures."
freqtrade/freqtrade,e00a1fd28c03,tests/data/test_converter.py,test_suite,P2,medium,unreviewed,pending,tests,GPL-3.0 study-only: do not copy source into PQTS without explicit license decision.,24872,668,4d43a4b5c651856d6c755770e3bddcdff127479e4019ef86d184a4f854923a70,"Use as behavioral coverage inspiration, not as copied fixtures."
freqtrade/freqtrade,e00a1fd28c03,tests/data/test_converter_orderflow.py,test_suite,P2,medium,unreviewed,pending,tests,GPL-3.0 study-only: do not copy source into PQTS without explicit license decision.,20753,605,155865e41ad9b76fab4ff7bba9e5e8ad7cae85aaefdb3422fe8e03c0ca17c863,"Use as behavioral coverage inspiration, not as copied fixtures."
freqtrade/freqtrade,e00a1fd28c03,tests/data/test_datahandler.py,test_suite,P2,medium,unreviewed,pending,tests,GPL-3.0 study-only: do not copy source into PQTS without explicit license decision.,22381,615,c13a2ca9cc7f49fc05795e77981b5559a86d28d4853659f0c3fa64e54f29482d,"Use as behavioral coverage inspiration, not as copied fixtures."
freqtrade/freqtrade,e00a1fd28c03,tests/data/test_dataprovider.py,test_suite,P2,medium,unreviewed,pending,tests,GPL-3.0 study-only: do not copy source into PQTS without explicit license decision.,25339,678,6e4bc4b82549405c1c04cbadf0450b672213a05867e1e8e2a72a26b10b1f66a8,"Use as behavioral coverage inspiration, not as copied fixtures."
freqtrade/freqtrade,e00a1fd28c03,tests/data/test_download_data.py,test_suite,P2,medium,unreviewed,pending,tests,GPL-3.0 study-only: do not copy source into PQTS without explicit license decision.,4438,117,f0a5fd5918eba15fdf714c3da7df8d14cc92aa7164354298a91297df7d82fec4,"Use as behavioral coverage inspiration, not as copied fixtures."
freqtrade/freqtrade,e00a1fd28c03,tests/data/test_entryexitanalysis.py,test_suite,P2,medium,unreviewed,pending,tests,GPL-3.0 study-only: do not copy source into PQTS without explicit license decision.,17905,562,6cd78559229271ecc54d76fbbf46883d50a44b929ac1cf625d8a979595d6bd43,"Use as behavioral coverage inspiration, not as copied fixtures."
freqtrade/freqtrade,e00a1fd28c03,tests/data/test_historic_precision.py,test_suite,P2,medium,unreviewed,pending,tests,GPL-3.0 study-only: do not copy source into PQTS without explicit license decision.,8693,272,da3682ffbc977ef6536fc776b0ab2a53788bb259f3471f85dd4e108de3d7b91b,"Use as behavioral coverage inspiration, not as copied fixtures."
freqtrade/freqtrade,e00a1fd28c03,tests/data/test_history.py,test_suite,P2,medium,unreviewed,pending,tests,GPL-3.0 study-only: do not copy source into PQTS without explicit license decision.,35493,1003,7bfc86773fc15914d3262835e171c5c73ec8216f0a3f4e7c8192eb3d04ff8e18,"Use as behavioral coverage inspiration, not as copied fixtures."
freqtrade/freqtrade,e00a1fd28c03,tests/data/test_metrics.py,test_suite,P2,medium,unreviewed,pending,tests,GPL-3.0 study-only: do not copy source into PQTS without explicit license decision.,19461,567,de5a8181b2d78eebc6b55465e2a5673934a3f0fba34f057dfb57e2ff2b730381,"Use as behavioral coverage inspiration, not as copied fixtures."
freqtrade/freqtrade,e00a1fd28c03,tests/data/test_trade_converter_kraken.py,test_suite,P2,medium,unreviewed,pending,tests,GPL-3.0 study-only: do not copy source into PQTS without explicit license decision.,2431,62,3fe4798797c498767612879fc4d679a277fe1195e187a2f60a80c929d68e1e98,"Use as behavioral coverage inspiration, not as copied fixtures."
freqtrade/freqtrade,e00a1fd28c03,tests/data/test_trade_parallelism.py,test_suite,P2,medium,unreviewed,pending,tests,GPL-3.0 study-only: do not copy source into PQTS without explicit license decision.,8126,210,7cbfcd2fb992a710cfacc5c4d9ca0f198ff7ab8f899b2eff5cd7eca8ff0e994a,"Use as behavioral coverage inspiration, not as copied fixtures."
freqtrade/freqtrade,e00a1fd28c03,tests/exchange/__init__.py,test_suite,P2,medium,unreviewed,pending,tests,GPL-3.0 study-only: do not copy source into PQTS without explicit license decision.,0,0,e3b0c44298fc1c149afbf4c8996fb92427ae41e4649b934ca495991b7852b855,"Use as behavioral coverage inspiration, not as copied fixtures."
freqtrade/freqtrade,e00a1fd28c03,tests/exchange/test_binance.py,test_suite,P2,medium,unreviewed,pending,tests,GPL-3.0 study-only: do not copy source into PQTS without explicit license decision.,40305,1205,51d5352ff8bd7729187c164b9da871375f5fcbe9cffe889d903faa8ecfb93c26,"Use as behavioral coverage inspiration, not as copied fixtures."
freqtrade/freqtrade,e00a1fd28c03,tests/exchange/test_binance_public_data.py,test_suite,P2,medium,unreviewed,pending,tests,GPL-3.0 study-only: do not copy source into PQTS without explicit license decision.,16216,496,6970ab71210eae60714ea198329c5c42bf819d130dbb7e291483d88f1fb14764,"Use as behavioral coverage inspiration, not as copied fixtures."
freqtrade/freqtrade,e00a1fd28c03,tests/exchange/test_bitget.py,test_suite,P2,medium,unreviewed,pending,tests,GPL-3.0 study-only: do not copy source into PQTS without explicit license decision.,11163,271,5bc30ca3f74df90e10aace7aae26a206b9651344c44f8371d9665693c16c9c9a,"Use as behavioral coverage inspiration, not as copied fixtures."
freqtrade/freqtrade,e00a1fd28c03,tests/exchange/test_bitpanda.py,test_suite,P2,medium,unreviewed,pending,tests,GPL-3.0 study-only: do not copy source into PQTS without explicit license decision.,2012,54,aaf36c6216af4aff1be0cfe2bcb04482dc05eb88405972e56440d3de5a6915f9,"Use as behavioral coverage inspiration, not as copied fixtures."
freqtrade/freqtrade,e00a1fd28c03,tests/exchange/test_bybit.py,test_suite,P2,medium,unreviewed,pending,tests,GPL-3.0 study-only: do not copy source into PQTS without explicit license decision.,9547,257,b9abd0f9e738c2abb4894cf9466264d07cd03dbbe68b7529b5b9fa9e6aa4ec06,"Use as behavioral coverage inspiration, not as copied fixtures."
freqtrade/freqtrade,e00a1fd28c03,tests/exchange/test_exchange.py,test_suite,P2,medium,unreviewed,pending,tests,GPL-3.0 study-only: do not copy source into PQTS without explicit license decision.,254513,6828,19e80a4755e99a548ee15409d019740f3036a49867ec88de4e000397bf3eacdf,"Use as behavioral coverage inspiration, not as copied fixtures."
freqtrade/freqtrade,e00a1fd28c03,tests/exchange/test_exchange_utils.py,test_suite,P2,medium,unreviewed,pending,tests,GPL-3.0 study-only: do not copy source into PQTS without explicit license decision.,16111,428,e41eb0162362c5e485bab494e8feb762962a4d9f8e4f07e8f5ba9d42fa1ed815,"Use as behavioral coverage inspiration, not as copied fixtures."
freqtrade/freqtrade,e00a1fd28c03,tests/exchange/test_exchange_ws.py,test_suite,P2,medium,unreviewed,pending,tests,GPL-3.0 study-only: do not copy source into PQTS without explicit license decision.,15745,451,174cedc8118451d964710a11e0fa0472ef69900380fb3ae45f4cae0be2a999a0,"Use as behavioral coverage inspiration, not as copied fixtures."
freqtrade/freqtrade,e00a1fd28c03,tests/exchange/test_gate.py,test_suite,P2,medium,unreviewed,pending,tests,GPL-3.0 study-only: do not copy source into PQTS without explicit license decision.,4083,119,a176acf967b5042cfacff1f38492c6336af132f208c1d25eb033a45dd903aac7,"Use as behavioral coverage inspiration, not as copied fixtures."
freqtrade/freqtrade,e00a1fd28c03,tests/exchange/test_htx.py,test_suite,P2,medium,unreviewed,pending,tests,GPL-3.0 study-only: do not copy source into PQTS without explicit license decision.,4823,141,635de8864b759347cd7ec37f0083e6959a066e599ec97212e5ba594630b2bf06,"Use as behavioral coverage inspiration, not as copied fixtures."
freqtrade/freqtrade,e00a1fd28c03,tests/exchange/test_hyperliquid.py,test_suite,P2,medium,unreviewed,pending,tests,GPL-3.0 study-only: do not copy source into PQTS without explicit license decision.,32351,910,8dc73e438665a087d81216fbfd29eb149382ec2d5efdcadb7602231bf528795b,"Use as behavioral coverage inspiration, not as copied fixtures."
freqtrade/freqtrade,e00a1fd28c03,tests/exchange/test_kraken.py,test_suite,P2,medium,unreviewed,pending,tests,GPL-3.0 study-only: do not copy source into PQTS without explicit license decision.,9700,291,ba7645e7686582ff20b50c067388b8b2caf9871705a977a83f10724f4ea5727c,"Use as behavioral coverage inspiration, not as copied fixtures."
freqtrade/freqtrade,e00a1fd28c03,tests/exchange/test_krakenfutures.py,test_suite,P2,medium,unreviewed,pending,tests,GPL-3.0 study-only: do not copy source into PQTS without explicit license decision.,33974,910,9d799deed07c050969430bf8d6422d9a0260cc31fccc9547513f23c7a80563c5,"Use as behavioral coverage inspiration, not as copied fixtures."
freqtrade/freqtrade,e00a1fd28c03,tests/exchange/test_kucoin.py,test_suite,P2,medium,unreviewed,pending,tests,GPL-3.0 study-only: do not copy source into PQTS without explicit license decision.,6357,177,e3410304f020cb78e117c03a1219d7c7da4cbb30f56ae1fc1efbe2c02e362d07,"Use as behavioral coverage inspiration, not as copied fixtures."
freqtrade/freqtrade,e00a1fd28c03,tests/exchange/test_okx.py,test_suite,P2,medium,unreviewed,pending,tests,GPL-3.0 study-only: do not copy source into PQTS without explicit license decision.,28620,749,35c450b9d57bfb6298d512ad4960c3dbd515c560bae92fcd724050ffdb5dd2c7,"Use as behavioral coverage inspiration, not as copied fixtures."
freqtrade/freqtrade,e00a1fd28c03,tests/exchange_online/__init__.py,test_suite,P2,medium,unreviewed,pending,tests,GPL-3.0 study-only: do not copy source into PQTS without explicit license decision.,0,0,e3b0c44298fc1c149afbf4c8996fb92427ae41e4649b934ca495991b7852b855,"Use as behavioral coverage inspiration, not as copied fixtures."
freqtrade/freqtrade,e00a1fd28c03,tests/exchange_online/conftest.py,test_suite,P2,medium,unreviewed,pending,tests,GPL-3.0 study-only: do not copy source into PQTS without explicit license decision.,29730,803,60ab31f6be0a1112ef6b80aa38b1973c6882504d1bb69264761f79e1f66790a8,"Use as behavioral coverage inspiration, not as copied fixtures."
freqtrade/freqtrade,e00a1fd28c03,tests/exchange_online/test_ccxt_compat.py,test_suite,P2,medium,unreviewed,pending,tests,GPL-3.0 study-only: do not copy source into PQTS without explicit license decision.,29054,618,77b3516be02bba27b338de8f136553064e987cf113c1a67d78323e4eb6f6ae93,"Use as behavioral coverage inspiration, not as copied fixtures."
freqtrade/freqtrade,e00a1fd28c03,tests/exchange_online/test_ccxt_ws_compat.py,test_suite,P2,medium,unreviewed,pending,tests,GPL-3.0 study-only: do not copy source into PQTS without explicit license decision.,2486,69,8db7ee558cb7274edf388a8e4d3ac8e2e7418b24e62ef9a25f03afc18ef27bdf,"Use as behavioral coverage inspiration, not as copied fixtures."
freqtrade/freqtrade,e00a1fd28c03,tests/freqtradebot/__init__.py,test_suite,P2,medium,unreviewed,pending,tests,GPL-3.0 study-only: do not copy source into PQTS without explicit license decision.,0,0,e3b0c44298fc1c149afbf4c8996fb92427ae41e4649b934ca495991b7852b855,"Use as behavioral coverage inspiration, not as copied fixtures."
freqtrade/freqtrade,e00a1fd28c03,tests/freqtradebot/test_freqtradebot.py,test_suite,P2,medium,unreviewed,pending,tests,GPL-3.0 study-only: do not copy source into PQTS without explicit license decision.,206668,5917,d3203c6aa4211d6f8b2196ebf46608136545e46514cfeaf83344c3e844c2a754,"Use as behavioral coverage inspiration, not as copied fixtures."
freqtrade/freqtrade,e00a1fd28c03,tests/freqtradebot/test_integration.py,test_suite,P2,medium,unreviewed,pending,tests,GPL-3.0 study-only: do not copy source into PQTS without explicit license decision.,32798,859,369428aa94fcfc2a757c104273e07c9b7834bea1189620a6c8ddfa5020ea3b24,"Use as behavioral coverage inspiration, not as copied fixtures."
freqtrade/freqtrade,e00a1fd28c03,tests/freqtradebot/test_stoploss_on_exchange.py,test_suite,P2,medium,unreviewed,pending,tests,GPL-3.0 study-only: do not copy source into PQTS without explicit license decision.,42953,1253,bc498a25c722a834e8c49bbe396defe09c417c8f676312015ab11b94ad27d262,"Use as behavioral coverage inspiration, not as copied fixtures."
freqtrade/freqtrade,e00a1fd28c03,tests/freqtradebot/test_worker.py,test_suite,P2,medium,unreviewed,pending,tests,GPL-3.0 study-only: do not copy source into PQTS without explicit license decision.,9275,259,3a10600ccc0db42e91743604c76d73b7ef8e335da9140976de5bc573f83c57d0,"Use as behavioral coverage inspiration, not as copied fixtures."
freqtrade/freqtrade,e00a1fd28c03,tests/leverage/test_candletype.py,test_suite,P2,medium,unreviewed,pending,tests,GPL-3.0 study-only: do not copy source into PQTS without explicit license decision.,916,33,01c56c4801e552ca8b92ae4a302dbb8862fd7e654f495df5aa27218329c6320e,"Use as behavioral coverage inspiration, not as copied fixtures."
freqtrade/freqtrade,e00a1fd28c03,tests/leverage/test_interest.py,test_suite,P2,medium,unreviewed,pending,tests,GPL-3.0 study-only: do not copy source into PQTS without explicit license decision.,1413,49,8652f6f9c2b10d2f1938986443a619728d56a8504b61a8c3888f431ee96f96f8,"Use as behavioral coverage inspiration, not as copied fixtures."
freqtrade/freqtrade,e00a1fd28c03,tests/leverage/test_update_liquidation_price.py,test_suite,P2,medium,unreviewed,pending,tests,GPL-3.0 study-only: do not copy source into PQTS without explicit license decision.,1800,57,c5a3afec43b5470fc4e7a251e53579d7ee4bb598c7caf389417b375b15e187c5,"Use as behavioral coverage inspiration, not as copied fixtures."
freqtrade/freqtrade,e00a1fd28c03,tests/optimize/__init__.py,test_suite,P2,medium,unreviewed,pending,tests,GPL-3.0 study-only: do not copy source into PQTS without explicit license decision.,2406,86,4a5162577683a84592c826c6206f1accb9f62ffe8cd612afa614ccfadab088c2,"Use as behavioral coverage inspiration, not as copied fixtures."
freqtrade/freqtrade,e00a1fd28c03,tests/optimize/conftest.py,test_suite,P2,medium,unreviewed,pending,tests,GPL-3.0 study-only: do not copy source into PQTS without explicit license decision.,2098,70,229ef07ffce3198f1e612cfb537ace59cbecca00335894c047d9cf1fa2bb72d3,"Use as behavioral coverage inspiration, not as copied fixtures."
freqtrade/freqtrade,e00a1fd28c03,tests/optimize/test_optimize_reports.py,test_suite,P2,medium,unreviewed,pending,tests,GPL-3.0 study-only: do not copy source into PQTS without explicit license decision.,27523,737,e0a6e513adfaebda3b676bafe24c690cd7fe33e9f32b0c9525318e588e1158e8,"Use as behavioral coverage inspiration, not as copied fixtures."
freqtrade/freqtrade,e00a1fd28c03,tests/persistence/__init__.py,test_suite,P2,medium,unreviewed,pending,tests,GPL-3.0 study-only: do not copy source into PQTS without explicit license decision.,0,0,e3b0c44298fc1c149afbf4c8996fb92427ae41e4649b934ca495991b7852b855,"Use as behavioral coverage inspiration, not as copied fixtures."
freqtrade/freqtrade,e00a1fd28c03,tests/persistence/test_db_context.py,test_suite,P2,medium,unreviewed,pending,tests,GPL-3.0 study-only: do not copy source into PQTS without explicit license decision.,633,24,839497dca76e908d5ce2cd7053f9fd53aad65fadf5e902cabfc1dcf58b945fd3,"Use as behavioral coverage inspiration, not as copied fixtures."
freqtrade/freqtrade,e00a1fd28c03,tests/persistence/test_db_migration.py,test_suite,P2,medium,unreviewed,pending,tests,GPL-3.0 study-only: do not copy source into PQTS without explicit license decision.,2777,69,4a3bdbc5af9fcb90ad02ac67a684d967c865dc2fada105d711c5596c219868f5,"Use as behavioral coverage inspiration, not as copied fixtures."
freqtrade/freqtrade,e00a1fd28c03,tests/persistence/test_key_value_store.py,test_suite,P2,medium,unreviewed,pending,tests,GPL-3.0 study-only: do not copy source into PQTS without explicit license decision.,2865,69,b6ec17bbf9e33421f3b84b2a8b56317df6e63b84c005194347349c4fd79224dc,"Use as behavioral coverage inspiration, not as copied fixtures."
freqtrade/freqtrade,e00a1fd28c03,tests/persistence/test_migrations.py,test_suite,P2,medium,unreviewed,pending,tests,GPL-3.0 study-only: do not copy source into PQTS without explicit license decision.,17932,496,e2327c695aba23cdcb96b27032094730a9992f809c949074eff05591f8456506,"Use as behavioral coverage inspiration, not as copied fixtures."
freqtrade/freqtrade,e00a1fd28c03,tests/persistence/test_persistence.py,test_suite,P2,medium,unreviewed,pending,tests,GPL-3.0 study-only: do not copy source into PQTS without explicit license decision.,107366,2941,91956a363ab49231fe7a9b3a057cdf4761b85f3042d21c4e0bc1518895bbbe54,"Use as behavioral coverage inspiration, not as copied fixtures."
freqtrade/freqtrade,e00a1fd28c03,tests/persistence/test_trade_custom_data.py,test_suite,P2,medium,unreviewed,pending,tests,GPL-3.0 study-only: do not copy source into PQTS without explicit license decision.,6030,168,53de0ef78badf233553b2bf1d32bc51b597b64e81c240df877b780ca4b7dfa9c,"Use as behavioral coverage inspiration, not as copied fixtures."
freqtrade/freqtrade,e00a1fd28c03,tests/persistence/test_trade_fromjson.py,test_suite,P2,medium,unreviewed,pending,tests,GPL-3.0 study-only: do not copy source into PQTS without explicit license decision.,11653,342,9e8b6958b3bd9b28ed021eb85bbb58c894552958b99cfb290cf48c40ef410f2a,"Use as behavioral coverage inspiration, not as copied fixtures."
freqtrade/freqtrade,e00a1fd28c03,tests/plugins/__init__.py,test_suite,P2,medium,unreviewed,pending,tests,GPL-3.0 study-only: do not copy source into PQTS without explicit license decision.,0,0,e3b0c44298fc1c149afbf4c8996fb92427ae41e4649b934ca495991b7852b855,"Use as behavioral coverage inspiration, not as copied fixtures."
freqtrade/freqtrade,e00a1fd28c03,tests/plugins/test_pairlist.py,test_suite,P2,medium,unreviewed,pending,tests,GPL-3.0 study-only: do not copy source into PQTS without explicit license decision.,105322,2907,6bd5a1f1321995d666bb585b7228a67d3772363678dc6afdfd1eabe407909df2,"Use as behavioral coverage inspiration, not as copied fixtures."
freqtrade/freqtrade,e00a1fd28c03,tests/plugins/test_pairlocks.py,test_suite,P2,medium,unreviewed,pending,tests,GPL-3.0 study-only: do not copy source into PQTS without explicit license decision.,6973,193,86e2119e703c72e5e218cd385957da6cfc7ab1d56f0ef1dd6795905afb784b2e,"Use as behavioral coverage inspiration, not as copied fixtures."
freqtrade/freqtrade,e00a1fd28c03,tests/plugins/test_percentchangepairlist.py,test_suite,P2,medium,unreviewed,pending,tests,GPL-3.0 study-only: do not copy source into PQTS without explicit license decision.,12663,377,ca23e56e4f35f1569bbbd52888e09b9086b45c2c595d7dc9bf2bb9d42950dc3e,"Use as behavioral coverage inspiration, not as copied fixtures."
freqtrade/freqtrade,e00a1fd28c03,tests/plugins/test_protections.py,test_suite,P2,medium,unreviewed,pending,tests,GPL-3.0 study-only: do not copy source into PQTS without explicit license decision.,35077,1079,f9e5337fa287bdf760e792c03b7493c0f50c96dacea6ad61d8979a408d8ffcbd,"Use as behavioral coverage inspiration, not as copied fixtures."
freqtrade/freqtrade,e00a1fd28c03,tests/plugins/test_remotepairlist.py,test_suite,P2,medium,unreviewed,pending,tests,GPL-3.0 study-only: do not copy source into PQTS without explicit license decision.,11840,381,567deb126a23795c3d8ebc3779e35c5bea60c52c9a2c577c8dad9100682a5432,"Use as behavioral coverage inspiration, not as copied fixtures."
freqtrade/freqtrade,e00a1fd28c03,tests/pytest.sh,test_suite,P2,medium,unreviewed,pending,tests,GPL-3.0 study-only: do not copy source into PQTS without explicit license decision.,110,5,6e812833b387b30d47b3d0e2f5a36f34a41b8664eef583e40cf35e2409dfefc2,"Use as behavioral coverage inspiration, not as copied fixtures."
freqtrade/freqtrade,e00a1fd28c03,tests/rpc/__init__.py,test_suite,P2,medium,unreviewed,pending,tests,GPL-3.0 study-only: do not copy source into PQTS without explicit license decision.,0,0,e3b0c44298fc1c149afbf4c8996fb92427ae41e4649b934ca495991b7852b855,"Use as behavioral coverage inspiration, not as copied fixtures."
freqtrade/freqtrade,e00a1fd28c03,tests/rpc/test_fiat_convert.py,test_suite,P2,medium,unreviewed,pending,tests,GPL-3.0 study-only: do not copy source into PQTS without explicit license decision.,8321,229,68ed69994e8a0e4c1405a96bc9e4a509217986f0470b25ff334d582cbba16342,"Use as behavioral coverage inspiration, not as copied fixtures."
freqtrade/freqtrade,e00a1fd28c03,tests/rpc/test_rpc.py,test_suite,P2,medium,unreviewed,pending,tests,GPL-3.0 study-only: do not copy source into PQTS without explicit license decision.,54166,1540,050628117d092cf444bc5ea08e07e9f702c459d3da0a985d15ee410539c7c79e,"Use as behavioral coverage inspiration, not as copied fixtures."
freqtrade/freqtrade,e00a1fd28c03,tests/rpc/test_rpc_apiserver.py,test_suite,P2,medium,unreviewed,pending,tests,GPL-3.0 study-only: do not copy source into PQTS without explicit license decision.,121171,3626,a94038e04571499ad6db4b457ccaf38bd308b8469cadb7f12965a1fe2e79755e,"Use as behavioral coverage inspiration, not as copied fixtures."
freqtrade/freqtrade,e00a1fd28c03,tests/rpc/test_rpc_emc.py,test_suite,P2,medium,unreviewed,pending,tests,GPL-3.0 study-only: do not copy source into PQTS without explicit license decision.,14229,468,555c6e08e83c3ea120586361126425657289bb049b585e171b8461d49eb3ef3b,"Use as behavioral coverage inspiration, not as copied fixtures."
freqtrade/freqtrade,e00a1fd28c03,tests/rpc/test_rpc_manager.py,test_suite,P2,medium,unreviewed,pending,tests,GPL-3.0 study-only: do not copy source into PQTS without explicit license decision.,9349,220,a29179be37bc006250059140a4ffb5fe0aa36eb7235cc63bbdbd382483b1bf25,"Use as behavioral coverage inspiration, not as copied fixtures."
freqtrade/freqtrade,e00a1fd28c03,tests/rpc/test_rpc_telegram.py,test_suite,P2,medium,unreviewed,pending,tests,GPL-3.0 study-only: do not copy source into PQTS without explicit license decision.,110961,3066,17cc6c43fadb5a2d1ad463b7559247fd407683b2bac45bc86aa63cbeb34e19f9,"Use as behavioral coverage inspiration, not as copied fixtures."
freqtrade/freqtrade,e00a1fd28c03,tests/rpc/test_rpc_webhook.py,test_suite,P2,medium,unreviewed,pending,tests,GPL-3.0 study-only: do not copy source into PQTS without explicit license decision.,17949,509,16ed874f800919712daacab3546ec10ff144cdeb69bc8728afa1fac9df05a2bc,"Use as behavioral coverage inspiration, not as copied fixtures."
freqtrade/freqtrade,e00a1fd28c03,tests/setup.Tests.ps1,test_suite,P2,medium,unreviewed,pending,tests,GPL-3.0 study-only: do not copy source into PQTS without explicit license decision.,6411,177,ba3683e2816d596a4979e8ebda661a3c4a1c8f0bd59e0b0e0258f4a241b49318,"Use as behavioral coverage inspiration, not as copied fixtures."
freqtrade/freqtrade,e00a1fd28c03,tests/strategy/__init__.py,test_suite,P2,medium,unreviewed,pending,tests,GPL-3.0 study-only: do not copy source into PQTS without explicit license decision.,0,0,e3b0c44298fc1c149afbf4c8996fb92427ae41e4649b934ca495991b7852b855,"Use as behavioral coverage inspiration, not as copied fixtures."
freqtrade/freqtrade,e00a1fd28c03,tests/strategy/strats/__init__.py,test_suite,P2,medium,unreviewed,pending,tests,GPL-3.0 study-only: do not copy source into PQTS without explicit license decision.,0,0,e3b0c44298fc1c149afbf4c8996fb92427ae41e4649b934ca495991b7852b855,"Use as behavioral coverage inspiration, not as copied fixtures."
freqtrade/freqtrade,e00a1fd28c03,tests/strategy/strats/broken_strats/broken_futures_strategies.py,test_suite,P2,medium,unreviewed,pending,tests,GPL-3.0 study-only: do not copy source into PQTS without explicit license decision.,2538,90,50f9add325a2aeb7c93654b3d8bf88ca7726ce691beaadde7fe530322c79ade8,"Use as behavioral coverage inspiration, not as copied fixtures."
freqtrade/freqtrade,e00a1fd28c03,tests/strategy/strats/broken_strats/legacy_strategy_v1.py,test_suite,P2,medium,unreviewed,pending,tests,GPL-3.0 study-only: do not copy source into PQTS without explicit license decision.,582,21,37574e5c01e2f15ca199360be638656e39ba55b863625bb314ad5781adfaa33e,"Use as behavioral coverage inspiration, not as copied fixtures."
freqtrade/freqtrade,e00a1fd28c03,tests/strategy/strats/failing_strategy.py,test_suite,P2,medium,unreviewed,pending,tests,GPL-3.0 study-only: do not copy source into PQTS without explicit license decision.,202,9,7e3a298563d7616517436db2c7fe6dc073e7fd04b86089b24fe6ac64fe9e027c,"Use as behavioral coverage inspiration, not as copied fixtures."
freqtrade/freqtrade,e00a1fd28c03,tests/strategy/strats/informative_decorator_strategy.py,test_suite,P2,medium,unreviewed,pending,tests,GPL-3.0 study-only: do not copy source into PQTS without explicit license decision.,3238,85,6b8a22eeb9516a01ae77bef02aee14fb9b984c137108e2e4050ed285280c6aee,"Use as behavioral coverage inspiration, not as copied fixtures."
freqtrade/freqtrade,e00a1fd28c03,tests/strategy/strats/strategy_test_v2.py,test_suite,P2,medium,unreviewed,pending,tests,GPL-3.0 study-only: do not copy source into PQTS without explicit license decision.,5170,150,6c185881c421ded2631096711633282b30e412b9858d83fb52961c9196d4a888,"Use as behavioral coverage inspiration, not as copied fixtures."
freqtrade/freqtrade,e00a1fd28c03,tests/strategy/strats/strategy_test_v3.py,test_suite,P2,medium,unreviewed,pending,tests,GPL-3.0 study-only: do not copy source into PQTS without explicit license decision.,6754,218,c7967cd08a2831db1186aa04962abf1d70e92e348879854bc0adad05d83cb127,"Use as behavioral coverage inspiration, not as copied fixtures."
freqtrade/freqtrade,e00a1fd28c03,tests/strategy/strats/strategy_test_v3_custom_entry_price.py,test_suite,P2,medium,unreviewed,pending,tests,GPL-3.0 study-only: do not copy source into PQTS without explicit license decision.,1319,43,4759f8b9d5e045a9ce9fffaff5257c3b90979bc64f87c1c92387c5d09c813d88,"Use as behavioral coverage inspiration, not as copied fixtures."
freqtrade/freqtrade,e00a1fd28c03,tests/strategy/test_default_strategy.py,test_suite,P2,medium,unreviewed,pending,tests,GPL-3.0 study-only: do not copy source into PQTS without explicit license decision.,2321,82,0499371c1ed5b081082dc057c85e22648f8ec4773fd42692385ea2d5d9b2e0f9,"Use as behavioral coverage inspiration, not as copied fixtures."
freqtrade/freqtrade,e00a1fd28c03,tests/strategy/test_interface.py,test_suite,P2,medium,unreviewed,pending,tests,GPL-3.0 study-only: do not copy source into PQTS without explicit license decision.,39211,1061,10ee3f53072989d3bfb71a8a75da2296cb97ce0a5dae13654bcfcd33d4b88ad2,"Use as behavioral coverage inspiration, not as copied fixtures."
freqtrade/freqtrade,e00a1fd28c03,tests/strategy/test_strategy_helpers.py,test_suite,P2,medium,unreviewed,pending,tests,GPL-3.0 study-only: do not copy source into PQTS without explicit license decision.,19087,445,acf8b405fac9bfa7a10c9ec443c680297061f12e09a328383cc30221f7ac9977,"Use as behavioral coverage inspiration, not as copied fixtures."
freqtrade/freqtrade,e00a1fd28c03,tests/strategy/test_strategy_loading.py,test_suite,P2,medium,unreviewed,pending,tests,GPL-3.0 study-only: do not copy source into PQTS without explicit license decision.,19451,543,84e10893d007f8bdfb80b8c819b751c95fe4410b2bb4753677a7586f6ede10d0,"Use as behavioral coverage inspiration, not as copied fixtures."
freqtrade/freqtrade,e00a1fd28c03,tests/strategy/test_strategy_parameters.py,test_suite,P2,medium,unreviewed,pending,tests,GPL-3.0 study-only: do not copy source into PQTS without explicit license decision.,5410,140,eafb1e806bbea6d7ce6349be0aedbd41bf9c2d583717c1c5e15b7f8b6eb17890,"Use as behavioral coverage inspiration, not as copied fixtures."
freqtrade/freqtrade,e00a1fd28c03,tests/strategy/test_strategy_safe_wrapper.py,test_suite,P2,medium,unreviewed,pending,tests,GPL-3.0 study-only: do not copy source into PQTS without explicit license decision.,2817,93,bf352439ca0df012af1fcdafd98d44eb6069b16772638675c615b2039af6b672,"Use as behavioral coverage inspiration, not as copied fixtures."
freqtrade/freqtrade,e00a1fd28c03,tests/test_arguments.py,test_suite,P2,medium,unreviewed,pending,tests,GPL-3.0 study-only: do not copy source into PQTS without explicit license decision.,10768,340,0e66453565a52dd3da755d3f3989648a905ae7a972637044e546faee0fe2ee2d,"Use as behavioral coverage inspiration, not as copied fixtures."
freqtrade/freqtrade,e00a1fd28c03,tests/test_configuration.py,test_suite,P2,medium,unreviewed,pending,tests,GPL-3.0 study-only: do not copy source into PQTS without explicit license decision.,55252,1623,e824b40b8c5e2331a4a849c3805f1d2af8db0d982a652ce704f23e20a5eb89dd,"Use as behavioral coverage inspiration, not as copied fixtures."
freqtrade/freqtrade,e00a1fd28c03,tests/test_directory_operations.py,test_suite,P2,medium,unreviewed,pending,tests,GPL-3.0 study-only: do not copy source into PQTS without explicit license decision.,4286,110,e10f1516bc78875b29de74afd3f80e6b741132fc0114e6447949db42e76b43f0,"Use as behavioral coverage inspiration, not as copied fixtures."
freqtrade/freqtrade,e00a1fd28c03,tests/test_docs.sh,test_suite,P2,medium,unreviewed,pending,tests,GPL-3.0 study-only: do not copy source into PQTS without explicit license decision.,1524,54,c7d00b0d699d4c50789cea63bee75e885260acd4958bf43ca904035e6746f5e9,"Use as behavioral coverage inspiration, not as copied fixtures."
freqtrade/freqtrade,e00a1fd28c03,tests/test_indicators.py,test_suite,P2,medium,unreviewed,pending,tests,GPL-3.0 study-only: do not copy source into PQTS without explicit license decision.,880,19,237f1bcbf91eb71ab4161963500c9b33ca8575df854c789ae5278526b723d021,"Use as behavioral coverage inspiration, not as copied fixtures."
freqtrade/freqtrade,e00a1fd28c03,tests/test_log_setup.py,test_suite,P2,medium,unreviewed,pending,tests,GPL-3.0 study-only: do not copy source into PQTS without explicit license decision.,8305,248,f5781ed20bddd006c5f651c1c3baa5290b0d869fa85e4b6ca8ba4addc8d68134,"Use as behavioral coverage inspiration, not as copied fixtures."
freqtrade/freqtrade,e00a1fd28c03,tests/test_main.py,test_suite,P2,medium,unreviewed,pending,tests,GPL-3.0 study-only: do not copy source into PQTS without explicit license decision.,9064,234,2adcd20adec9eb1d7a7d1af007af43a48d2187fb2a4770631787cf2dcf4eb867,"Use as behavioral coverage inspiration, not as copied fixtures."
freqtrade/freqtrade,e00a1fd28c03,tests/test_misc.py,test_suite,P2,medium,unreviewed,pending,tests,GPL-3.0 study-only: do not copy source into PQTS without explicit license decision.,9237,243,58dada3a47edb0ca6a6a4cb88a5c5f84384b6812db16229bfa8f74b7b7665561,"Use as behavioral coverage inspiration, not as copied fixtures."
freqtrade/freqtrade,e00a1fd28c03,tests/test_pip_audit.py,test_suite,P2,medium,unreviewed,pending,tests,GPL-3.0 study-only: do not copy source into PQTS without explicit license decision.,3554,101,a1cf1777d976b2fbf3278a35d2edfe9ba376f90124278aa3c6ba78ceb1fe0d83,"Use as behavioral coverage inspiration, not as copied fixtures."
freqtrade/freqtrade,e00a1fd28c03,tests/test_plotting.py,test_suite,P2,medium,unreviewed,pending,tests,GPL-3.0 study-only: do not copy source into PQTS without explicit license decision.,19968,568,02f9092dfbc5baabdca7df32dd709f6a5a02d760a0f80b24d6025e17c2e8186f,"Use as behavioral coverage inspiration, not as copied fixtures."
freqtrade/freqtrade,e00a1fd28c03,tests/test_strategy_updater.py,test_suite,P2,medium,unreviewed,pending,tests,GPL-3.0 study-only: do not copy source into PQTS without explicit license decision.,6823,221,11513983b65c03d922cb34ccf4b4a8bc5406c8ed8eef5a97b086a717f00d91b0,"Use as behavioral coverage inspiration, not as copied fixtures."
freqtrade/freqtrade,e00a1fd28c03,tests/test_talib.py,test_suite,P2,medium,unreviewed,pending,tests,GPL-3.0 study-only: do not copy source into PQTS without explicit license decision.,443,16,f89cfe520dc2b353db430a3d264556406d097c7d95efe7bf2aecdfdfc7e58603,"Use as behavioral coverage inspiration, not as copied fixtures."
freqtrade/freqtrade,e00a1fd28c03,tests/test_timerange.py,test_suite,P2,medium,unreviewed,pending,tests,GPL-3.0 study-only: do not copy source into PQTS without explicit license decision.,3497,86,89eb51f51b3ee6bda60376ae3d152077ebbccce7a454cfdc17118116f9f83e4e,"Use as behavioral coverage inspiration, not as copied fixtures."
freqtrade/freqtrade,e00a1fd28c03,tests/test_wallets.py,test_suite,P2,medium,unreviewed,pending,tests,GPL-3.0 study-only: do not copy source into PQTS without explicit license decision.,26092,689,8b381f2a4f4792be57f5c5bb9515e95bf5bb231e5de7ba40b5868ec83b83e1e1,"Use as behavioral coverage inspiration, not as copied fixtures."
freqtrade/freqtrade,e00a1fd28c03,tests/testdata/ADA_BTC-5m.feather,test_suite,P2,medium,unreviewed,pending,tests,GPL-3.0 study-only: do not copy source into PQTS without explicit license decision.,173754,963,d15dcdcaa8fe0fe4d9865d88850a908546c1f1a8bfe2903d6ad7a00b292b858b,"Use as behavioral coverage inspiration, not as copied fixtures."
freqtrade/freqtrade,e00a1fd28c03,tests/testdata/BTC_USDT-5m.feather,test_suite,P2,medium,unreviewed,pending,tests,GPL-3.0 study-only: do not copy source into PQTS without explicit license decision.,102362,357,38f89dd1e8a116e5f451e24f7022e1213ab17336da98ef9abc1c38f9bf1850cc,"Use as behavioral coverage inspiration, not as copied fixtures."
freqtrade/freqtrade,e00a1fd28c03,tests/testdata/DASH_BTC-5m.feather,test_suite,P2,medium,unreviewed,pending,tests,GPL-3.0 study-only: do not copy source into PQTS without explicit license decision.,242986,806,24197f229bdf22acdbca75c6c7bd11c96014b1d79c5f30ff083760c84db14e2c,"Use as behavioral coverage inspiration, not as copied fixtures."
freqtrade/freqtrade,e00a1fd28c03,tests/testdata/ETC_BTC-5m.feather,test_suite,P2,medium,unreviewed,pending,tests,GPL-3.0 study-only: do not copy source into PQTS without explicit license decision.,230858,640,7697d0dc8194f5520f92dc7473fb875b60d7c221a35b6f7f992673cad369c72e,"Use as behavioral coverage inspiration, not as copied fixtures."
freqtrade/freqtrade,e00a1fd28c03,tests/testdata/ETH_BTC-5m.feather,test_suite,P2,medium,unreviewed,pending,tests,GPL-3.0 study-only: do not copy source into PQTS without explicit license decision.,238010,776,f9c807156e870d73d57fa48493ebe38a1a9afc0cc379893888eb7dd07c0c5667,"Use as behavioral coverage inspiration, not as copied fixtures."
freqtrade/freqtrade,e00a1fd28c03,tests/testdata/LTC_BTC-5m.feather,test_suite,P2,medium,unreviewed,pending,tests,GPL-3.0 study-only: do not copy source into PQTS without explicit license decision.,226466,722,d07236f5e97f1b19450532cc26b69fad7ca4b57dcd53f835c4c330fd73d98ff7,"Use as behavioral coverage inspiration, not as copied fixtures."
freqtrade/freqtrade,e00a1fd28c03,tests/testdata/NOPAIR_XXX-4m.json,test_suite,P2,medium,unreviewed,pending,tests,GPL-3.0 study-only: do not copy source into PQTS without explicit license decision.,3,1,37517e5f3dc66819f61f5a7bb8ace1921282415f10551d2defa5c3eb0985b570,"Use as behavioral coverage inspiration, not as copied fixtures."
freqtrade/freqtrade,e00a1fd28c03,tests/testdata/NXT_BTC-5m.feather,test_suite,P2,medium,unreviewed,pending,tests,GPL-3.0 study-only: do not copy source into PQTS without explicit license decision.,167746,524,f50b567892aaa2400148e16a8eb557614338d39749d83bd6d1e5d9de4a108b43,"Use as behavioral coverage inspiration, not as copied fixtures."
freqtrade/freqtrade,e00a1fd28c03,tests/testdata/TRX_BTC-5m.feather,test_suite,P2,medium,unreviewed,pending,tests,GPL-3.0 study-only: do not copy source into PQTS without explicit license decision.,197650,668,4bee000be8adc463dc375a89f7632c60d18511bb2ccff48cb62b46d7d547a36f,"Use as behavioral coverage inspiration, not as copied fixtures."
freqtrade/freqtrade,e00a1fd28c03,tests/testdata/UNITTEST_BTC-1m.feather,test_suite,P2,medium,unreviewed,pending,tests,GPL-3.0 study-only: do not copy source into PQTS without explicit license decision.,488578,1346,59a1e0163954ac90ad6036eb183c1301b109d4ced994113a7b9592b52b951661,"Use as behavioral coverage inspiration, not as copied fixtures."
freqtrade/freqtrade,e00a1fd28c03,tests/testdata/UNITTEST_BTC-1m.json,test_suite,P2,medium,unreviewed,pending,tests,GPL-3.0 study-only: do not copy source into PQTS without explicit license decision.,1037421,1,8471f9f9bb972f9398c3183d7b7cfe43773b717b54a3ce19194b55918b5615e4,"Use as behavioral coverage inspiration, not as copied fixtures."
freqtrade/freqtrade,e00a1fd28c03,tests/testdata/UNITTEST_BTC-30m.feather,test_suite,P2,medium,unreviewed,pending,tests,GPL-3.0 study-only: do not copy source into PQTS without explicit license decision.,90610,293,b4906c5b6d7707b6648f50d9f072104ab3726a36f6dc2a43aaa5bccaa86ae1ef,"Use as behavioral coverage inspiration, not as copied fixtures."
freqtrade/freqtrade,e00a1fd28c03,tests/testdata/UNITTEST_BTC-5m.feather,test_suite,P2,medium,unreviewed,pending,tests,GPL-3.0 study-only: do not copy source into PQTS without explicit license decision.,237770,792,da64a6af43b5a8147b10f303dd437096c7cd80e9a59045f51bad65665d1c789c,"Use as behavioral coverage inspiration, not as copied fixtures."
freqtrade/freqtrade,e00a1fd28c03,tests/testdata/UNITTEST_BTC-8m.feather,test_suite,P2,medium,unreviewed,pending,tests,GPL-3.0 study-only: do not copy source into PQTS without explicit license decision.,0,0,e3b0c44298fc1c149afbf4c8996fb92427ae41e4649b934ca495991b7852b855,"Use as behavioral coverage inspiration, not as copied fixtures."
freqtrade/freqtrade,e00a1fd28c03,tests/testdata/UNITTEST_BTC-8m.json.gz,test_suite,P2,medium,unreviewed,pending,tests,GPL-3.0 study-only: do not copy source into PQTS without explicit license decision.,244227,855,6c047ab71f21097602809cc15a0c7d8d862b32d71b55240c0367d5debc2945a6,"Use as behavioral coverage inspiration, not as copied fixtures."
freqtrade/freqtrade,e00a1fd28c03,tests/testdata/XLM_BTC-5m.feather,test_suite,P2,medium,unreviewed,pending,tests,GPL-3.0 study-only: do not copy source into PQTS without explicit license decision.,187986,972,de22161ebd06531c52740417ea499b2f8c9c6fd3da3de09e323c250abc8a8b3a,"Use as behavioral coverage inspiration, not as copied fixtures."
freqtrade/freqtrade,e00a1fd28c03,tests/testdata/XMR_BTC-5m.feather,test_suite,P2,medium,unreviewed,pending,tests,GPL-3.0 study-only: do not copy source into PQTS without explicit license decision.,240282,736,2db4c9181f3e781693dfcb1a2e557cdf9041dc6aac21ba7effd5279aad0d669f,"Use as behavioral coverage inspiration, not as copied fixtures."
freqtrade/freqtrade,e00a1fd28c03,tests/testdata/XRP_ETH-1m.feather,test_suite,P2,medium,unreviewed,pending,tests,GPL-3.0 study-only: do not copy source into PQTS without explicit license decision.,91882,236,729ecb8fae85dfcc0a5c65a7fa07e4f30f686657f1c7f5a7f2d89a4c9456e1b1,"Use as behavioral coverage inspiration, not as copied fixtures."
freqtrade/freqtrade,e00a1fd28c03,tests/testdata/XRP_ETH-5m.feather,test_suite,P2,medium,unreviewed,pending,tests,GPL-3.0 study-only: do not copy source into PQTS without explicit license decision.,32426,78,0f69bafbd194d532896d8e87fdf27c43bb6c6eca292287e2fabc2e8192f59a8b,"Use as behavioral coverage inspiration, not as copied fixtures."
freqtrade/freqtrade,e00a1fd28c03,tests/testdata/XRP_ETH-trades.feather,test_suite,P2,medium,unreviewed,pending,tests,GPL-3.0 study-only: do not copy source into PQTS without explicit license decision.,374570,943,d15bc00a21a95f9f66bb1d6bb50a2b5942efb5420a9fdea957d9aa6995101e28,"Use as behavioral coverage inspiration, not as copied fixtures."
freqtrade/freqtrade,e00a1fd28c03,tests/testdata/XRP_ETH-trades.json.gz,test_suite,P2,medium,unreviewed,pending,tests,GPL-3.0 study-only: do not copy source into PQTS without explicit license decision.,190318,694,24acec336f9777861b863f667655c626e845a9c79f3661dca27b36045e0d3ce5,"Use as behavioral coverage inspiration, not as copied fixtures."
freqtrade/freqtrade,e00a1fd28c03,tests/testdata/XRP_ETH-trades.parquet,test_suite,P2,medium,unreviewed,pending,tests,GPL-3.0 study-only: do not copy source into PQTS without explicit license decision.,352168,1049,fbcdec72443888fa9ebdee86daf146977f4dc202264fa353bbc602c43f4ae4c0,"Use as behavioral coverage inspiration, not as copied fixtures."
freqtrade/freqtrade,e00a1fd28c03,tests/testdata/XRP_OLD-trades.json.gz,test_suite,P2,medium,unreviewed,pending,tests,GPL-3.0 study-only: do not copy source into PQTS without explicit license decision.,473687,1892,f3d21388f7decc0ca5a7f4dbac4906d4c06c9b41b864638a8d12791a7ed8ff62,"Use as behavioral coverage inspiration, not as copied fixtures."
freqtrade/freqtrade,e00a1fd28c03,tests/testdata/XRP_USDT-5m.feather,test_suite,P2,medium,unreviewed,pending,tests,GPL-3.0 study-only: do not copy source into PQTS without explicit license decision.,90018,464,cecc2f79c6eb5ec1d03d33ee4e53dd0b3fa4239cd200b94e39308b271567a8b9,"Use as behavioral coverage inspiration, not as copied fixtures."
freqtrade/freqtrade,e00a1fd28c03,tests/testdata/ZEC_BTC-5m.feather,test_suite,P2,medium,unreviewed,pending,tests,GPL-3.0 study-only: do not copy source into PQTS without explicit license decision.,234426,770,463d6cce5281a780c8813a2f70ba470ea8900eea45a281ac49176b4794ca2bfc,"Use as behavioral coverage inspiration, not as copied fixtures."
freqtrade/freqtrade,e00a1fd28c03,tests/testdata/binance/binance_public_data/futures-APEUSDT-aggTrades-2024-10-18.zip,test_suite,P2,medium,unreviewed,pending,tests,GPL-3.0 study-only: do not copy source into PQTS without explicit license decision.,673725,2910,32f6d372fe74b265dcdbedf92e8d9dcdd5a88ab6396674b163af3f7adaf65a64,"Use as behavioral coverage inspiration, not as copied fixtures."
freqtrade/freqtrade,e00a1fd28c03,tests/testdata/binance/binance_public_data/futures-um-klines-BTCUSDT-1h-2024-10-28.zip,test_suite,P2,medium,unreviewed,pending,tests,GPL-3.0 study-only: do not copy source into PQTS without explicit license decision.,1533,8,8310448cfc4978c89070a13d17636d3b726e8f784068ea8f7dbb5bbfc69ce581,"Use as behavioral coverage inspiration, not as copied fixtures."
freqtrade/freqtrade,e00a1fd28c03,tests/testdata/binance/binance_public_data/spot-PEPEUSDT-aggTrades-2024-10-27.zip,test_suite,P2,medium,unreviewed,pending,tests,GPL-3.0 study-only: do not copy source into PQTS without explicit license decision.,920674,4966,abdd6bcd4071df239f8fce25eab256655e8bc12651244b2c4be6dc6786968261,"Use as behavioral coverage inspiration, not as copied fixtures."
freqtrade/freqtrade,e00a1fd28c03,tests/testdata/binance/binance_public_data/spot-klines-BTCUSDT-1h-2024-10-28.zip,test_suite,P2,medium,unreviewed,pending,tests,GPL-3.0 study-only: do not copy source into PQTS without explicit license decision.,1578,3,744d4a991858208ead11e682457c452cd56067d113888d7323ba849ce221bc09,"Use as behavioral coverage inspiration, not as copied fixtures."
freqtrade/freqtrade,e00a1fd28c03,tests/testdata/config.tests.json,test_suite,P2,medium,unreviewed,pending,tests,GPL-3.0 study-only: do not copy source into PQTS without explicit license decision.,1915,75,ed2703e2fde2344fed84aefe24eff0ff16478094c4c1ecd4a0c36bb4ac068079,"Use as behavioral coverage inspiration, not as copied fixtures."
freqtrade/freqtrade,e00a1fd28c03,tests/testdata/config.tests.usdt.json,test_suite,P2,medium,unreviewed,pending,tests,GPL-3.0 study-only: do not copy source into PQTS without explicit license decision.,2034,77,ec8c7182fb11ebab6d6f39db19970fb80fe2cfd2c15530d379571a23c151ba2e,"Use as behavioral coverage inspiration, not as copied fixtures."
freqtrade/freqtrade,e00a1fd28c03,tests/testdata/futures/UNITTEST_USDT_USDT-1h-mark.feather,test_suite,P2,medium,unreviewed,pending,tests,GPL-3.0 study-only: do not copy source into PQTS without explicit license decision.,7482,22,97c88209b9b36b168852801ace8ed80cc37a922cd6a289bc6b1172a477bf4e20,"Use as behavioral coverage inspiration, not as copied fixtures."
freqtrade/freqtrade,e00a1fd28c03,tests/testdata/futures/XRP_USDT_USDT-1h-funding_rate.feather,test_suite,P2,medium,unreviewed,pending,tests,GPL-3.0 study-only: do not copy source into PQTS without explicit license decision.,4490,9,bf6b64ff5c8011b298a89dbc51ce391abbb16af870e6ca01fcb00a0f70a9e5cd,"Use as behavioral coverage inspiration, not as copied fixtures."
freqtrade/freqtrade,e00a1fd28c03,tests/testdata/futures/XRP_USDT_USDT-1h-futures.feather,test_suite,P2,medium,unreviewed,pending,tests,GPL-3.0 study-only: do not copy source into PQTS without explicit license decision.,8202,21,e5ab4a2a4b2032fb8ff51659264abd66cd291d1bcb67abc3765c5d06d0a7be11,"Use as behavioral coverage inspiration, not as copied fixtures."
freqtrade/freqtrade,e00a1fd28c03,tests/testdata/futures/XRP_USDT_USDT-1h-futures.json.gz,test_suite,P2,medium,unreviewed,pending,tests,GPL-3.0 study-only: do not copy source into PQTS without explicit license decision.,2471,8,505789706accd70a434cf4bad157c480f495803f596b40c790c52e93b8cfe86d,"Use as behavioral coverage inspiration, not as copied fixtures."
freqtrade/freqtrade,e00a1fd28c03,tests/testdata/futures/XRP_USDT_USDT-1h-mark.feather,test_suite,P2,medium,unreviewed,pending,tests,GPL-3.0 study-only: do not copy source into PQTS without explicit license decision.,7482,21,6366e2c068f03fa4677077b2db7177ec446dea910ce681d426005c240369fd27,"Use as behavioral coverage inspiration, not as copied fixtures."
freqtrade/freqtrade,e00a1fd28c03,tests/testdata/futures/XRP_USDT_USDT-5m-futures.feather,test_suite,P2,medium,unreviewed,pending,tests,GPL-3.0 study-only: do not copy source into PQTS without explicit license decision.,60586,330,bb0958872faf1f67c3772aab0019ddf0392309ba039c5bc9c0eac75376021d01,"Use as behavioral coverage inspiration, not as copied fixtures."
freqtrade/freqtrade,e00a1fd28c03,tests/testdata/kraken/trades_csv/BCHEUR.csv,test_suite,P2,medium,unreviewed,pending,tests,GPL-3.0 study-only: do not copy source into PQTS without explicit license decision.,4744,148,7a5ca74a65d08385cce97819026f863b319700c22df7b8af0b79bb4f7d2f7c7b,"Use as behavioral coverage inspiration, not as copied fixtures."
freqtrade/freqtrade,e00a1fd28c03,tests/testdata/kraken/trades_csv/incremental_q2/BCHEUR.csv,test_suite,P2,medium,unreviewed,pending,tests,GPL-3.0 study-only: do not copy source into PQTS without explicit license decision.,15572,486,052a5faa31b749d85cef1b186b36b9cad59f9f88a04699c45d30a0393d7809be,"Use as behavioral coverage inspiration, not as copied fixtures."
freqtrade/freqtrade,e00a1fd28c03,tests/testdata/orderflow/populate_dataframe_with_trades_DF.feather,test_suite,P2,medium,unreviewed,pending,tests,GPL-3.0 study-only: do not copy source into PQTS without explicit license decision.,32034,87,da44c67bc57761c3f5426dbd353d04c884be828bc7a29de3a379a25388e79f97,"Use as behavioral coverage inspiration, not as copied fixtures."
freqtrade/freqtrade,e00a1fd28c03,tests/testdata/orderflow/populate_dataframe_with_trades_TRADES.feather,test_suite,P2,medium,unreviewed,pending,tests,GPL-3.0 study-only: do not copy source into PQTS without explicit license decision.,10678378,44582,5003cbfe46edd6579456392e68be86a6f75b0f0322657eb25451e0c061d951ff,"Use as behavioral coverage inspiration, not as copied fixtures."
freqtrade/freqtrade,e00a1fd28c03,tests/testdata/orderflow/public_trades_list.csv,test_suite,P2,medium,unreviewed,pending,tests,GPL-3.0 study-only: do not copy source into PQTS without explicit license decision.,91257,1001,e7812fc8d7287dcc90e38bd55273148bba7f5efedbff5a5e60f83e93ca72d7da,"Use as behavioral coverage inspiration, not as copied fixtures."
freqtrade/freqtrade,e00a1fd28c03,tests/testdata/orderflow/public_trades_list_simple_example.csv,test_suite,P2,medium,unreviewed,pending,tests,GPL-3.0 study-only: do not copy source into PQTS without explicit license decision.,693,8,572a3d4bdc75389e281a6a3dcb93030d8fd9eb889b0b345426f75975558b8e04,"Use as behavioral coverage inspiration, not as copied fixtures."
freqtrade/freqtrade,e00a1fd28c03,tests/testdata/pairs.json,test_suite,P2,medium,unreviewed,pending,tests,GPL-3.0 study-only: do not copy source into PQTS without explicit license decision.,360,26,d0b08dbf5c45936c4b8eae586cae5fb7c657c00869f323cf7e9dc1b4d28b7343,"Use as behavioral coverage inspiration, not as copied fixtures."
freqtrade/freqtrade,e00a1fd28c03,tests/testdata/strategy_SampleStrategy.fthypt,test_suite,P2,medium,unreviewed,pending,tests,GPL-3.0 study-only: do not copy source into PQTS without explicit license decision.,55746,5,bd8bcc9d2f5e9b80eac95f0d6f60a7922a450449496103c28ffde1e9790ea08e,"Use as behavioral coverage inspiration, not as copied fixtures."
freqtrade/freqtrade,e00a1fd28c03,tests/testdata/testconfigs/main_test_config.json,test_suite,P2,medium,unreviewed,pending,tests,GPL-3.0 study-only: do not copy source into PQTS without explicit license decision.,1949,77,c31d76b0b211b59301b8a186de997edd73e4d8f50093f1b1f93b2ff0a355815c,"Use as behavioral coverage inspiration, not as copied fixtures."
freqtrade/freqtrade,e00a1fd28c03,tests/testdata/testconfigs/test_base_config.json,test_suite,P2,medium,unreviewed,pending,tests,GPL-3.0 study-only: do not copy source into PQTS without explicit license decision.,208,12,91db9e9907bef901813ee67a7ba06b3ebfe44d108cf340c4f02c8674554b2330,"Use as behavioral coverage inspiration, not as copied fixtures."
freqtrade/freqtrade,e00a1fd28c03,tests/testdata/testconfigs/test_pricing2_conf.json,test_suite,P2,medium,unreviewed,pending,tests,GPL-3.0 study-only: do not copy source into PQTS without explicit license decision.,423,18,1add20507f73931a16ef203e991107c0eb92add2a4bfcf33f1ca6957fc106577,"Use as behavioral coverage inspiration, not as copied fixtures."
freqtrade/freqtrade,e00a1fd28c03,tests/testdata/testconfigs/test_pricing_conf.json,test_suite,P2,medium,unreviewed,pending,tests,GPL-3.0 study-only: do not copy source into PQTS without explicit license decision.,491,21,34c4c2a6d8877f008ce24d994268f6676d024a4c55bbdf5fe695addc696def82,"Use as behavioral coverage inspiration, not as copied fixtures."
freqtrade/freqtrade,e00a1fd28c03,tests/testdata/testconfigs/testconfig.json,test_suite,P2,medium,unreviewed,pending,tests,GPL-3.0 study-only: do not copy source into PQTS without explicit license decision.,102,6,aa813af44d4f4dd504d5e17a057c91e292a006ad1aeaa04638125b3718a16d0c,"Use as behavioral coverage inspiration, not as copied fixtures."
freqtrade/freqtrade,e00a1fd28c03,tests/util/test_ccxt_precise.py,test_suite,P2,medium,unreviewed,pending,tests,GPL-3.0 study-only: do not copy source into PQTS without explicit license decision.,2525,82,f49929716bc0b658230d401b65f83ee6cb067fe5dc4664612f868bd86d3ebf25,"Use as behavioral coverage inspiration, not as copied fixtures."
freqtrade/freqtrade,e00a1fd28c03,tests/util/test_datetime_helpers.py,test_suite,P2,medium,unreviewed,pending,tests,GPL-3.0 study-only: do not copy source into PQTS without explicit license decision.,4783,132,c2180673e3da1fc95bf3513a5d4fd77dc00c95b02efc76b668b3d12f7276df74,"Use as behavioral coverage inspiration, not as copied fixtures."
freqtrade/freqtrade,e00a1fd28c03,tests/util/test_formatters.py,test_suite,P2,medium,unreviewed,pending,tests,GPL-3.0 study-only: do not copy source into PQTS without explicit license decision.,3113,80,4c015c71f966e577e52759bb9f6ee87941f1ce988b1df0964e05816978764fd9,"Use as behavioral coverage inspiration, not as copied fixtures."
freqtrade/freqtrade,e00a1fd28c03,tests/util/test_funding_rate_migration.py,test_suite,P2,medium,unreviewed,pending,tests,GPL-3.0 study-only: do not copy source into PQTS without explicit license decision.,975,28,0245557a146c7c4f8e1114999c8dcb940ab2f804124827201b43ba52e93d1ac7,"Use as behavioral coverage inspiration, not as copied fixtures."
freqtrade/freqtrade,e00a1fd28c03,tests/util/test_historic_wallets_migration.py,test_suite,P2,medium,unreviewed,pending,tests,GPL-3.0 study-only: do not copy source into PQTS without explicit license decision.,17127,500,847a4a7b1aa6c9509989aeef184a7cb5c05184433a6fa1f41830e16b714e0150,"Use as behavioral coverage inspiration, not as copied fixtures."
freqtrade/freqtrade,e00a1fd28c03,tests/util/test_measure_time.py,test_suite,P2,medium,unreviewed,pending,tests,GPL-3.0 study-only: do not copy source into PQTS without explicit license decision.,730,32,3d1c219064a4dfb7bb77073c8aa9a2b3b58b723d432ca5d305818a2e6a0e2821,"Use as behavioral coverage inspiration, not as copied fixtures."
freqtrade/freqtrade,e00a1fd28c03,tests/util/test_periodiccache.py,test_suite,P2,medium,unreviewed,pending,tests,GPL-3.0 study-only: do not copy source into PQTS without explicit license decision.,877,32,3e45c31eefb7dc9340d900ae7bdee000180d131aeda08725dbf3093a7c67732e,"Use as behavioral coverage inspiration, not as copied fixtures."
freqtrade/freqtrade,e00a1fd28c03,tests/util/test_rendering_utils.py,test_suite,P2,medium,unreviewed,pending,tests,GPL-3.0 study-only: do not copy source into PQTS without explicit license decision.,621,20,0e121a6a4f5371138cb7a479d7f7364b26b822d6b4cda1496262dfd4612dce90,"Use as behavioral coverage inspiration, not as copied fixtures."
freqtrade/freqtrade,e00a1fd28c03,tests/util/test_wallet_util.py,test_suite,P2,medium,unreviewed,pending,tests,GPL-3.0 study-only: do not copy source into PQTS without explicit license decision.,593,19,978aff02a66ecb7f5dbf72da7e466b329d902dd5f9fcaac824c1ad01b719b1b9,"Use as behavioral coverage inspiration, not as copied fixtures."
freqtrade/freqtrade,e00a1fd28c03,.devcontainer/devcontainer.json,build_release_ops,P3,low,unreviewed,pending,.github + docker-compose + release tooling,GPL-3.0 study-only: do not copy source into PQTS without explicit license decision.,1850,44,f0ec390de68724ddcd224e1a0d26d5c99feb465317f4f690ef91f21ad8dbc59d,Study project operations after core research/runtime patterns.
freqtrade/freqtrade,e00a1fd28c03,.github/.devcontainer/Dockerfile,build_release_ops,P3,low,unreviewed,pending,.github + docker-compose + release tooling,GPL-3.0 study-only: do not copy source into PQTS without explicit license decision.,701,21,826c232d57675a5eb3aab0ed3cbb6dcbf35748c82e1b18ccd5a856de4be4db88,Study project operations after core research/runtime patterns.
freqtrade/freqtrade,e00a1fd28c03,.github/.devcontainer/devcontainer.json,build_release_ops,P3,low,unreviewed,pending,.github + docker-compose + release tooling,GPL-3.0 study-only: do not copy source into PQTS without explicit license decision.,314,12,6fdfd9f5ee915186b2fb59c8f4832d3769ed0167ab95407dfb48ed7103b7b9dc,Study project operations after core research/runtime patterns.
freqtrade/freqtrade,e00a1fd28c03,.github/FUNDING.yml,build_release_ops,P3,low,unreviewed,pending,.github + docker-compose + release tooling,GPL-3.0 study-only: do not copy source into PQTS without explicit license decision.,67,3,4de5259c232ff9eae403e29e0c552194690e948274f8ed44a90d50704a9b0681,Study project operations after core research/runtime patterns.
freqtrade/freqtrade,e00a1fd28c03,.github/ISSUE_TEMPLATE/bug_report.md,build_release_ops,P3,low,unreviewed,pending,.github + docker-compose + release tooling,GPL-3.0 study-only: do not copy source into PQTS without explicit license decision.,1542,52,073a706cb3c073ffcd612b4349360f265e2e6742c068edfd0c52263a80cf67ae,Study project operations after core research/runtime patterns.
freqtrade/freqtrade,e00a1fd28c03,.github/ISSUE_TEMPLATE/config.yml,build_release_ops,P3,low,unreviewed,pending,.github + docker-compose + release tooling,GPL-3.0 study-only: do not copy source into PQTS without explicit license decision.,186,6,b6e037de3c6ef1104e91a0c97aa3aae756fb236acd99ea74a808456ea599c9ef,Study project operations after core research/runtime patterns.
freqtrade/freqtrade,e00a1fd28c03,.github/ISSUE_TEMPLATE/feature_request.md,build_release_ops,P3,low,unreviewed,pending,.github + docker-compose + release tooling,GPL-3.0 study-only: do not copy source into PQTS without explicit license decision.,653,26,e83b18d2ec24f338c1819e77a37acc8270047c2e9a0ad6d3f9e8550c36b5e073,Study project operations after core research/runtime patterns.
freqtrade/freqtrade,e00a1fd28c03,.github/ISSUE_TEMPLATE/question.md,build_release_ops,P3,low,unreviewed,pending,.github + docker-compose + release tooling,GPL-3.0 study-only: do not copy source into PQTS without explicit license decision.,1056,28,22e26c80703f01424770f18025100e05a286bb49f17c9e3113b3dae8b1d1b7d2,Study project operations after core research/runtime patterns.
freqtrade/freqtrade,e00a1fd28c03,.github/PULL_REQUEST_TEMPLATE.md,build_release_ops,P3,low,unreviewed,pending,.github + docker-compose + release tooling,GPL-3.0 study-only: do not copy source into PQTS without explicit license decision.,726,22,ef11b2795a07b3e285a35ad0a8103c52e894d323326375836a3b7be3c46149ef,Study project operations after core research/runtime patterns.
freqtrade/freqtrade,e00a1fd28c03,.github/actions/docker-tags/action.yml,build_release_ops,P3,low,unreviewed,pending,.github + docker-compose + release tooling,GPL-3.0 study-only: do not copy source into PQTS without explicit license decision.,3251,93,c37c4bae2bc6e41ac2bd30beb05fa419b56c9461ce7a3d79a65c6afd4c924fd2,Study project operations after core research/runtime patterns.
freqtrade/freqtrade,e00a1fd28c03,.github/dependabot.yml,build_release_ops,P3,low,unreviewed,pending,.github + docker-compose + release tooling,GPL-3.0 study-only: do not copy source into PQTS without explicit license decision.,1524,73,6201c0e6b2f2bd7dd392a93979bf0357bca6577a94388abc6bb4cd3060e6d392,Study project operations after core research/runtime patterns.
freqtrade/freqtrade,e00a1fd28c03,.github/workflows/binance-lev-tier-update.yml,build_release_ops,P3,low,unreviewed,pending,.github + docker-compose + release tooling,GPL-3.0 study-only: do not copy source into PQTS without explicit license decision.,1831,58,2ec3c490b99ad3bcb878c8fe2eba80acb8f6ae6788a448dccaa5b98a339703e4,Study project operations after core research/runtime patterns.
freqtrade/freqtrade,e00a1fd28c03,.github/workflows/ci.yml,build_release_ops,P3,low,unreviewed,pending,.github + docker-compose + release tooling,GPL-3.0 study-only: do not copy source into PQTS without explicit license decision.,13958,423,0432ef2f55134171720299abb2362c93e4286010c940f87252a4543d900e3f0f,Study project operations after core research/runtime patterns.
freqtrade/freqtrade,e00a1fd28c03,.github/workflows/deploy-docs.yml,build_release_ops,P3,low,unreviewed,pending,.github + docker-compose + release tooling,GPL-3.0 study-only: do not copy source into PQTS without explicit license decision.,1720,64,52058af67deb52a2afddf6b3cb2f12520efb2ca3e13fe65ac704a810b798a808,Study project operations after core research/runtime patterns.
freqtrade/freqtrade,e00a1fd28c03,.github/workflows/devcontainer-build.yml,build_release_ops,P3,low,unreviewed,pending,.github + docker-compose + release tooling,GPL-3.0 study-only: do not copy source into PQTS without explicit license decision.,1622,56,0bc7b10095de9d99e6f568b0f9593588e53237cb1c37fed07047d435808b4bf4,Study project operations after core research/runtime patterns.
freqtrade/freqtrade,e00a1fd28c03,.github/workflows/docker-build.yml,build_release_ops,P3,low,unreviewed,pending,.github + docker-compose + release tooling,GPL-3.0 study-only: do not copy source into PQTS without explicit license decision.,11259,317,a64563e5fa79dc6b88670d438e159d36c37eb4b72f5f8a03254bdf8f4a70ef87,Study project operations after core research/runtime patterns.
freqtrade/freqtrade,e00a1fd28c03,.github/workflows/docker-update-readme.yml,build_release_ops,P3,low,unreviewed,pending,.github + docker-compose + release tooling,GPL-3.0 study-only: do not copy source into PQTS without explicit license decision.,806,31,a0a5b9ea3b84d86541895a41a1f6cb6ea40b6f11c3cfa22b0ac42cffcd8ced15,Study project operations after core research/runtime patterns.
freqtrade/freqtrade,e00a1fd28c03,.github/workflows/packages-cleanup.yml,build_release_ops,P3,low,unreviewed,pending,.github + docker-compose + release tooling,GPL-3.0 study-only: do not copy source into PQTS without explicit license decision.,1371,52,ad1024f1225740c0ccdeb43fe18b44cfa26bd55df655d4f746d9a883e9889592,Study project operations after core research/runtime patterns.
freqtrade/freqtrade,e00a1fd28c03,.github/workflows/pre-commit-types-update.yml,build_release_ops,P3,low,unreviewed,pending,.github + docker-compose + release tooling,GPL-3.0 study-only: do not copy source into PQTS without explicit license decision.,1721,53,290a9c00aa58288d4e608ed443e0ca62a3cb6cb2ff71f12e366475f78f87a176,Study project operations after core research/runtime patterns.
freqtrade/freqtrade,e00a1fd28c03,.github/workflows/pre-commit-update.yml,build_release_ops,P3,low,unreviewed,pending,.github + docker-compose + release tooling,GPL-3.0 study-only: do not copy source into PQTS without explicit license decision.,1557,53,8b86afa7fd67dd5b1356f62218dc3af297290de60f31fa7afc76f298e138f20d,Study project operations after core research/runtime patterns.
freqtrade/freqtrade,e00a1fd28c03,.github/workflows/zizmor_action.yml,build_release_ops,P3,low,unreviewed,pending,.github + docker-compose + release tooling,GPL-3.0 study-only: do not copy source into PQTS without explicit license decision.,1013,34,7b28f769bef34ce33f9d303c103da84a6464bb970a2dd7604336d2378ee1cd24,Study project operations after core research/runtime patterns.
freqtrade/freqtrade,e00a1fd28c03,Dockerfile,build_release_ops,P3,low,unreviewed,pending,.github + docker-compose + release tooling,GPL-3.0 study-only: do not copy source into PQTS without explicit license decision.,1522,53,6361208f2c3754d7402c6af3868a1d1fdf75c9ad55069c334ddb8423c17724f2,Study project operations after core research/runtime patterns.
freqtrade/freqtrade,e00a1fd28c03,build_helpers/binance_update_lev_tiers.py,build_release_ops,P3,low,unreviewed,pending,.github + docker-compose + release tooling,GPL-3.0 study-only: do not copy source into PQTS without explicit license decision.,653,28,c70e79fad4c7ead771b245f3e9483c909efe8094d3c2c9e8a734dfb8ca3740ad,Study project operations after core research/runtime patterns.
freqtrade/freqtrade,e00a1fd28c03,build_helpers/create_command_partials.py,build_release_ops,P3,low,unreviewed,pending,.github + docker-compose + release tooling,GPL-3.0 study-only: do not copy source into PQTS without explicit license decision.,3223,105,d91fb401b51c23b6971d6868efa68b56d252976be819aa8ad011d7a7a920f1a5,Study project operations after core research/runtime patterns.
freqtrade/freqtrade,e00a1fd28c03,build_helpers/extract_config_json_schema.py,build_release_ops,P3,low,unreviewed,pending,.github + docker-compose + release tooling,GPL-3.0 study-only: do not copy source into PQTS without explicit license decision.,891,30,68fba2a4ea0cc19d2d08a21c2bcded9744ebe16a50ea13921364ece0349af91f,Study project operations after core research/runtime patterns.
freqtrade/freqtrade,e00a1fd28c03,build_helpers/freqtrade_client_version_align.py,build_release_ops,P3,low,unreviewed,pending,.github + docker-compose + release tooling,GPL-3.0 study-only: do not copy source into PQTS without explicit license decision.,409,15,e27658949362318f0ecdc8f22911f19267e5a3e6ad493d525cc8de7cee78c3d3,Study project operations after core research/runtime patterns.
freqtrade/freqtrade,e00a1fd28c03,build_helpers/pre_commit_update.py,build_release_ops,P3,low,unreviewed,pending,.github + docker-compose + release tooling,GPL-3.0 study-only: do not copy source into PQTS without explicit license decision.,2671,91,8f2df1da775b4f0f638a2ce9bf9898dcfd3c63b14b7a4ad33bc194bbacae31b5,Study project operations after core research/runtime patterns.
freqtrade/freqtrade,e00a1fd28c03,build_helpers/pyarrow-24.0.0-cp311-cp311-linux_armv7l.whl,build_release_ops,P3,low,unreviewed,pending,.github + docker-compose + release tooling,GPL-3.0 study-only: do not copy source into PQTS without explicit license decision.,17347807,60669,41b8be9bfdf091483d44e521b7e105fbb36ce38fed52e52d4e86bd9183e231e1,Study project operations after core research/runtime patterns.
freqtrade/freqtrade,e00a1fd28c03,build_helpers/schema.json,build_release_ops,P3,low,unreviewed,pending,.github + docker-compose + release tooling,GPL-3.0 study-only: do not copy source into PQTS without explicit license decision.,51906,1733,3a6dfe29615b88ab09d6bee5a751c7ab6f6de5b9a8a0b6501d51c968aaf55109,Study project operations after core research/runtime patterns.
freqtrade/freqtrade,e00a1fd28c03,build_helpers/ta_lib-0.6.8-cp311-cp311-manylinux_2_31_armv7l.whl,build_release_ops,P3,low,unreviewed,pending,.github + docker-compose + release tooling,GPL-3.0 study-only: do not copy source into PQTS without explicit license decision.,3689220,13991,a410a8c0d2f9bf4a2bd4b5480fb36096d0c396d4461c0f4778fe36bdfefdc41c,Study project operations after core research/runtime patterns.
freqtrade/freqtrade,e00a1fd28c03,build_helpers/ta_lib-0.6.8-cp313-cp313-manylinux_2_31_armv7l.whl,build_release_ops,P3,low,unreviewed,pending,.github + docker-compose + release tooling,GPL-3.0 study-only: do not copy source into PQTS without explicit license decision.,3618033,13425,44c58eb9870c75a365b5243feca0c7982baddebb3f8f6df6da1ed76f6c0ed83c,Study project operations after core research/runtime patterns.
freqtrade/freqtrade,e00a1fd28c03,docker-compose.yml,build_release_ops,P3,low,unreviewed,pending,.github + docker-compose + release tooling,GPL-3.0 study-only: do not copy source into PQTS without explicit license decision.,1230,36,445581d249d5645e1774e4597b69c9503e57d5bb84c2caa73f857a32c1114d7a,Study project operations after core research/runtime patterns.
freqtrade/freqtrade,e00a1fd28c03,docker/Dockerfile.armhf,build_release_ops,P3,low,unreviewed,pending,.github + docker-compose + release tooling,GPL-3.0 study-only: do not copy source into PQTS without explicit license decision.,1664,57,1c331a870ee180180befc8c619c418af6d0c1165e1a3e852f38f7eda0102dcce,Study project operations after core research/runtime patterns.
freqtrade/freqtrade,e00a1fd28c03,docker/Dockerfile.custom,build_release_ops,P3,low,unreviewed,pending,.github + docker-compose + release tooling,GPL-3.0 study-only: do not copy source into PQTS without explicit license decision.,340,11,297fc005d34ffeeb85f0ffaf649a11593e1f5bf755c7b3bf90a89c8694687fa3,Study project operations after core research/runtime patterns.
freqtrade/freqtrade,e00a1fd28c03,docker/Dockerfile.jupyter,build_release_ops,P3,low,unreviewed,pending,.github + docker-compose + release tooling,GPL-3.0 study-only: do not copy source into PQTS without explicit license decision.,251,8,7dd5843f11e6da99b4215f64011f375d5a9d072f0111be89a119028caedbf97a,Study project operations after core research/runtime patterns.
freqtrade/freqtrade,e00a1fd28c03,docker/Dockerfile.plot,build_release_ops,P3,low,unreviewed,pending,.github + docker-compose + release tooling,GPL-3.0 study-only: do not copy source into PQTS without explicit license decision.,221,8,cd81f2a6f76efda254cefce0112c68ee1bc0099e1ed22ad85fd3ba63a6de6fe6,Study project operations after core research/runtime patterns.
freqtrade/freqtrade,e00a1fd28c03,docker/docker-compose-jupyter.yml,build_release_ops,P3,low,unreviewed,pending,.github + docker-compose + release tooling,GPL-3.0 study-only: do not copy source into PQTS without explicit license decision.,393,15,17dcb6fce629b6ca51fe5d057c928c05f85905f43c1bc6b4079d6a48facfec16,Study project operations after core research/runtime patterns.
freqtrade/freqtrade,e00a1fd28c03,setup.ps1,build_release_ops,P3,low,unreviewed,pending,.github + docker-compose + release tooling,GPL-3.0 study-only: do not copy source into PQTS without explicit license decision.,9853,290,4bc43732e9a57fe5f14c130d7961bf81dee48d23a36544653e840153161558c0,Study project operations after core research/runtime patterns.
freqtrade/freqtrade,e00a1fd28c03,setup.sh,build_release_ops,P3,low,unreviewed,pending,.github + docker-compose + release tooling,GPL-3.0 study-only: do not copy source into PQTS without explicit license decision.,9106,307,75e398d8e3b299ddf7e0b4e4a6e545207673016aea4547dfb82b560d75795353,Study project operations after core research/runtime patterns.
freqtrade/freqtrade,e00a1fd28c03,.readthedocs.yml,documentation,P3,low,unreviewed,pending,docs,GPL-3.0 study-only: do not copy source into PQTS without explicit license decision.,191,14,d19760186bcfc5307d9f0879770ba25b2955cebfe18c4d423f4961b094f56bb8,Mine docs patterns and operator education only.
freqtrade/freqtrade,e00a1fd28c03,docs/advanced-orderflow.md,documentation,P3,low,unreviewed,pending,docs,GPL-3.0 study-only: do not copy source into PQTS without explicit license decision.,6119,153,a3b9684e3e67c512d282bd721e38623bb8d2a2704419270de27c115f6374065c,Mine docs patterns and operator education only.
freqtrade/freqtrade,e00a1fd28c03,docs/advanced-setup.md,documentation,P3,low,unreviewed,pending,docs,GPL-3.0 study-only: do not copy source into PQTS without explicit license decision.,18455,430,e5f060d0a2fcf55d014e499e67cc8160f757309ed20bc5fe42df559d98cb4eba,Mine docs patterns and operator education only.
freqtrade/freqtrade,e00a1fd28c03,docs/assets/TokenBot-Freqtrade-banner.png,documentation,P3,low,unreviewed,pending,docs,GPL-3.0 study-only: do not copy source into PQTS without explicit license decision.,61805,263,8726558b0dc3230e044c4d6699e318bdd15b42b8afe741c4e2c394817df99d21,Mine docs patterns and operator education only.
freqtrade/freqtrade,e00a1fd28c03,docs/assets/binance_futures_settings.png,documentation,P3,low,unreviewed,pending,docs,GPL-3.0 study-only: do not copy source into PQTS without explicit license decision.,81500,253,186ba0a87fccb4eea7ea7c0dc9525eead7ce87585ef50a491094a73df3d40631,Mine docs patterns and operator education only.
freqtrade/freqtrade,e00a1fd28c03,docs/assets/ccxt-logo.svg,documentation,P3,low,unreviewed,pending,docs,GPL-3.0 study-only: do not copy source into PQTS without explicit license decision.,818,3,22485f41d4f3c3f59767e57c43d031fd6166633fbe46cf808b27c57922a91c39,Mine docs patterns and operator education only.
freqtrade/freqtrade,e00a1fd28c03,docs/assets/discord_notification.png,documentation,P3,low,unreviewed,pending,docs,GPL-3.0 study-only: do not copy source into PQTS without explicit license decision.,48861,165,3a10be8b620000c2162dacc207679f04e636d9857ab6acbaea6af218088c9b72,Mine docs patterns and operator education only.
freqtrade/freqtrade,e00a1fd28c03,docs/assets/freqUI-chart-annotations-dark.png,documentation,P3,low,unreviewed,pending,docs,GPL-3.0 study-only: do not copy source into PQTS without explicit license decision.,114014,420,522fede8fa1a66f1983e70d268500f95f4025507cc4ef888a91643ce20e46aaa,Mine docs patterns and operator education only.
freqtrade/freqtrade,e00a1fd28c03,docs/assets/freqUI-chart-annotations-light.png,documentation,P3,low,unreviewed,pending,docs,GPL-3.0 study-only: do not copy source into PQTS without explicit license decision.,111368,254,dc76a2e89175527b544825b14178942f1027caf25cfe2d462f87e6fd5f7a717b,Mine docs patterns and operator education only.
freqtrade/freqtrade,e00a1fd28c03,docs/assets/freqUI-plot-configurator-dark.png,documentation,P3,low,unreviewed,pending,docs,GPL-3.0 study-only: do not copy source into PQTS without explicit license decision.,136452,398,d53913e75a96b63397b19ae730973341b52fb9dd7dd9d21acd26c59c0f0a5e26,Mine docs patterns and operator education only.
freqtrade/freqtrade,e00a1fd28c03,docs/assets/freqUI-plot-configurator-light.png,documentation,P3,low,unreviewed,pending,docs,GPL-3.0 study-only: do not copy source into PQTS without explicit license decision.,138302,434,3de6f9ad52ac3ad9cfb9f39c237dc32b880dc89e21ae8b8a0fddf9bb05dbfbde,Mine docs patterns and operator education only.
freqtrade/freqtrade,e00a1fd28c03,docs/assets/freqUI-trade-pane-dark.png,documentation,P3,low,unreviewed,pending,docs,GPL-3.0 study-only: do not copy source into PQTS without explicit license decision.,247689,770,c7b64544b032a8ae5ba83addce38606d3106f04e14aed201f685ec606543f07b,Mine docs patterns and operator education only.
freqtrade/freqtrade,e00a1fd28c03,docs/assets/freqUI-trade-pane-light.png,documentation,P3,low,unreviewed,pending,docs,GPL-3.0 study-only: do not copy source into PQTS without explicit license decision.,246690,779,7ea4b9e6bf9d8de0ae8420535cafbe865051a1995f683eb26fcf0cd9a87c9bee,Mine docs patterns and operator education only.
freqtrade/freqtrade,e00a1fd28c03,docs/assets/freqUI-trade-pane.png,documentation,P3,low,unreviewed,pending,docs,GPL-3.0 study-only: do not copy source into PQTS without explicit license decision.,213805,630,bf644bd7bfecb96fa92367e712b9ecf8ba80d4747e2d5cea19cfd40fd7df1d11,Mine docs patterns and operator education only.
freqtrade/freqtrade,e00a1fd28c03,docs/assets/freqtrade-screenshot.png,documentation,P3,low,unreviewed,pending,docs,GPL-3.0 study-only: do not copy source into PQTS without explicit license decision.,145638,466,5dde3e06cacf8bff262e6efcfd8e44f38ad7e431a3584342fb0a43b46a847419,Mine docs patterns and operator education only.
freqtrade/freqtrade,e00a1fd28c03,docs/assets/freqtrade_poweredby.svg,documentation,P3,low,unreviewed,pending,docs,GPL-3.0 study-only: do not copy source into PQTS without explicit license decision.,18001,44,c7be79ef7efa91a5001ab76879d96027474795b75f0ebb82b49275b431412242,Mine docs patterns and operator education only.
freqtrade/freqtrade,e00a1fd28c03,docs/assets/frequi-login-CORS-light.png,documentation,P3,low,unreviewed,pending,docs,GPL-3.0 study-only: do not copy source into PQTS without explicit license decision.,52311,153,199d51fb335b61dde996c64b03dc1286d8f48c1789a16893bb09ad4555cd1f87,Mine docs patterns and operator education only.
freqtrade/freqtrade,e00a1fd28c03,docs/assets/frequi-login-CORS.png,documentation,P3,low,unreviewed,pending,docs,GPL-3.0 study-only: do not copy source into PQTS without explicit license decision.,51142,207,17e2109eed209d3bfe550ed97f92ad6503c7fd34a9f7d0f6ff161c10244fe5c6,Mine docs patterns and operator education only.
freqtrade/freqtrade,e00a1fd28c03,docs/assets/frequi-settings-dark.png,documentation,P3,low,unreviewed,pending,docs,GPL-3.0 study-only: do not copy source into PQTS without explicit license decision.,81767,322,6cbb7630e25f21a7c576783d5c04d737bb32faa1fbeaba847e1db0147871fba8,Mine docs patterns and operator education only.
freqtrade/freqtrade,e00a1fd28c03,docs/assets/frequi-settings-light.png,documentation,P3,low,unreviewed,pending,docs,GPL-3.0 study-only: do not copy source into PQTS without explicit license decision.,80742,312,cf4d837d1327a20b86b62a5fd5ff5e780c3475346c5e46b11f162951d3205c0a,Mine docs patterns and operator education only.
freqtrade/freqtrade,e00a1fd28c03,docs/assets/frequi_url.png,documentation,P3,low,unreviewed,pending,docs,GPL-3.0 study-only: do not copy source into PQTS without explicit license decision.,11391,48,6c15cedf7fe4a5c9e549b4748cb34042a0ea328fc00121475548e4f761db5bfc,Mine docs patterns and operator education only.
freqtrade/freqtrade,e00a1fd28c03,docs/assets/plot-dataframe.png,documentation,P3,low,unreviewed,pending,docs,GPL-3.0 study-only: do not copy source into PQTS without explicit license decision.,216176,818,91df509a5dbee5c116d4dd2eb5688512b49750fb52af63cfb92efe8b2cf1dfe0,Mine docs patterns and operator education only.
freqtrade/freqtrade,e00a1fd28c03,docs/assets/plot-dataframe2.png,documentation,P3,low,unreviewed,pending,docs,GPL-3.0 study-only: do not copy source into PQTS without explicit license decision.,195009,650,c80a36b786226ed0707445935417773824a0bc89de80280055a26c8994e7fdd5,Mine docs patterns and operator education only.
freqtrade/freqtrade,e00a1fd28c03,docs/assets/plot-profit.png,documentation,P3,low,unreviewed,pending,docs,GPL-3.0 study-only: do not copy source into PQTS without explicit license decision.,145983,338,1a85ce319540406aa1517ae6af32f76073c5c8edb19d8412f0ab5bf8f61c143d,Mine docs patterns and operator education only.
freqtrade/freqtrade,e00a1fd28c03,docs/assets/pycharm_debug.png,documentation,P3,low,unreviewed,pending,docs,GPL-3.0 study-only: do not copy source into PQTS without explicit license decision.,48984,147,8c6eb5cc8665860957635d5492cbfd1fccf1078ecba5c72479343ab391a9085c,Mine docs patterns and operator education only.
freqtrade/freqtrade,e00a1fd28c03,docs/assets/show-config-output.png,documentation,P3,low,unreviewed,pending,docs,GPL-3.0 study-only: do not copy source into PQTS without explicit license decision.,29963,130,f69ae73fe4c08defa752191a7390169f75024f46c8fa498e4c9f9f69a098ada3,Mine docs patterns and operator education only.
freqtrade/freqtrade,e00a1fd28c03,docs/assets/telegram_forcebuy.png,documentation,P3,low,unreviewed,pending,docs,GPL-3.0 study-only: do not copy source into PQTS without explicit license decision.,12035,40,a92978e4cf6ec49b2f3687afd9e9e41deaaca0ae442625a4d24a713a6fb1351d,Mine docs patterns and operator education only.
freqtrade/freqtrade,e00a1fd28c03,docs/assets/tensorboard.jpg,documentation,P3,low,unreviewed,pending,docs,GPL-3.0 study-only: do not copy source into PQTS without explicit license decision.,370209,1240,3a0318e938ebc8717ada84dee150a25208ed60d46a989fcebb6c334decf9fc2d,Mine docs patterns and operator education only.
freqtrade/freqtrade,e00a1fd28c03,docs/assets/windows_install.png,documentation,P3,low,unreviewed,pending,docs,GPL-3.0 study-only: do not copy source into PQTS without explicit license decision.,94230,301,649f72c8bd019b6e54ab956f37b0fd7b6659a4d497159330c787baf5736e7ac8,Mine docs patterns and operator education only.
freqtrade/freqtrade,e00a1fd28c03,docs/bot-basics.md,documentation,P3,low,unreviewed,pending,docs,GPL-3.0 study-only: do not copy source into PQTS without explicit license decision.,7117,105,de036e04658fdeef7f4b1ac043f604c5942d37bf9c58cb966f6a19bf31106d0a,Mine docs patterns and operator education only.
freqtrade/freqtrade,e00a1fd28c03,docs/bot-usage.md,documentation,P3,low,unreviewed,pending,docs,GPL-3.0 study-only: do not copy source into PQTS without explicit license decision.,4996,136,06bd66c222d660a5a1d0a6a8931446cc0cf515d2b4a221f4f0230eeb58043c48,Mine docs patterns and operator education only.
freqtrade/freqtrade,e00a1fd28c03,docs/commands/convert-data.md,documentation,P3,low,unreviewed,pending,docs,GPL-3.0 study-only: do not copy source into PQTS without explicit license decision.,2935,53,3640004a6d43019aec995b6bdeecbb6ae5b6949b52ba459f004c359d667f562e,Mine docs patterns and operator education only.
freqtrade/freqtrade,e00a1fd28c03,docs/commands/convert-db.md,documentation,P3,low,unreviewed,pending,docs,GPL-3.0 study-only: do not copy source into PQTS without explicit license decision.,481,12,3ea3f81d6f5217d0c624db2a3e31986dd0ab85e88003e50fa993840fabf3adff,Mine docs patterns and operator education only.
freqtrade/freqtrade,e00a1fd28c03,docs/commands/convert-trade-data.md,documentation,P3,low,unreviewed,pending,docs,GPL-3.0 study-only: do not copy source into PQTS without explicit license decision.,2197,42,87de60a6ac9d72e712d999065e7c3a64123f88b7076f0c04216f3154027be6ab,Mine docs patterns and operator education only.
freqtrade/freqtrade,e00a1fd28c03,docs/commands/create-userdir.md,documentation,P3,low,unreviewed,pending,docs,GPL-3.0 study-only: do not copy source into PQTS without explicit license decision.,300,10,3909d185e1909bc33be0330d1f06791b524a77c598d99b1d07de261da2fe37ea,Mine docs patterns and operator education only.
freqtrade/freqtrade,e00a1fd28c03,docs/commands/download-data.md,documentation,P3,low,unreviewed,pending,docs,GPL-3.0 study-only: do not copy source into PQTS without explicit license decision.,4732,81,64f29f616a24d5185376c7992275ce3003b8ee961b33b5a15d929190cc422c4e,Mine docs patterns and operator education only.
freqtrade/freqtrade,e00a1fd28c03,docs/commands/edge.md,documentation,P3,low,unreviewed,pending,docs,GPL-3.0 study-only: do not copy source into PQTS without explicit license decision.,3126,63,768c0d2eb49ea76dfbf3f4d8882dddf206930f92c072fd9c85d82163df698942,Mine docs patterns and operator education only.
freqtrade/freqtrade,e00a1fd28c03,docs/commands/freqtrade-client.md,documentation,P3,low,unreviewed,pending,docs,GPL-3.0 study-only: do not copy source into PQTS without explicit license decision.,4908,197,02811aba742162bb979fce88c2d5306e2036cc6f3629ac90e3d269779a9f8376,Mine docs patterns and operator education only.
freqtrade/freqtrade,e00a1fd28c03,docs/commands/install-ui.md,documentation,P3,low,unreviewed,pending,docs,GPL-3.0 study-only: do not copy source into PQTS without explicit license decision.,577,14,0e5d6c4c72ba21fec99358f4b9b6e2cd8d496e10aebcc166c30641457fb8e175,Mine docs patterns and operator education only.
freqtrade/freqtrade,e00a1fd28c03,docs/commands/list-data.md,documentation,P3,low,unreviewed,pending,docs,GPL-3.0 study-only: do not copy source into PQTS without explicit license decision.,2554,49,5a293d12cd9aaa0becd3209a744bf155441c417792442844ca4945b7a542a31b,Mine docs patterns and operator education only.
freqtrade/freqtrade,e00a1fd28c03,docs/commands/list-exchanges.md,documentation,P3,low,unreviewed,pending,docs,GPL-3.0 study-only: do not copy source into PQTS without explicit license decision.,1741,35,52cafcacb34bab67d9b126a65af522be13232be5675a6305544034eab8b5786c,Mine docs patterns and operator education only.
freqtrade/freqtrade,e00a1fd28c03,docs/commands/list-markets.md,documentation,P3,low,unreviewed,pending,docs,GPL-3.0 study-only: do not copy source into PQTS without explicit license decision.,2570,47,5d3b7fbdc4d4b01e482562eb323c43d025cbd60cfea8882d847b6bdbe06b6cc4,Mine docs patterns and operator education only.
freqtrade/freqtrade,e00a1fd28c03,docs/commands/list-pairs.md,documentation,P3,low,unreviewed,pending,docs,GPL-3.0 study-only: do not copy source into PQTS without explicit license decision.,2556,47,b50c2fd9d538d5a36bda7a514f9701d4f184d8596dfd4c3ae9b78e72c63ac2c6,Mine docs patterns and operator education only.
freqtrade/freqtrade,e00a1fd28c03,docs/commands/list-strategies.md,documentation,P3,low,unreviewed,pending,docs,GPL-3.0 study-only: do not copy source into PQTS without explicit license decision.,1720,35,8a1a28a9f6059540e4d4cdaad56e6d831ce8dcfeae248d118e0ba6a4ff698821,Mine docs patterns and operator education only.
freqtrade/freqtrade,e00a1fd28c03,docs/commands/list-timeframes.md,documentation,P3,low,unreviewed,pending,docs,GPL-3.0 study-only: do not copy source into PQTS without explicit license decision.,1699,34,8190d68fb69ce713249bfaf56ff41921b21d61ecfee56f9171e6a0de2cab4952,Mine docs patterns and operator education only.
freqtrade/freqtrade,e00a1fd28c03,docs/commands/main.md,documentation,P3,low,unreviewed,pending,docs,GPL-3.0 study-only: do not copy source into PQTS without explicit license decision.,3073,50,197ce118194a11a82452bbcaf0d54d90e9aa9defde9a037bcbeaa7e5f38aafdb,Mine docs patterns and operator education only.
freqtrade/freqtrade,e00a1fd28c03,docs/commands/new-config.md,documentation,P3,low,unreviewed,pending,docs,GPL-3.0 study-only: do not copy source into PQTS without explicit license decision.,385,11,cecfad51c68e1a8ec75fef3e9ad9af325f4026bcf50a235a48954528371e8311,Mine docs patterns and operator education only.
freqtrade/freqtrade,e00a1fd28c03,docs/commands/new-strategy.md,documentation,P3,low,unreviewed,pending,docs,GPL-3.0 study-only: do not copy source into PQTS without explicit license decision.,752,18,05a74b0072ead6adb70249f97bb9c4947697f9291313aee90283b82ed77d897e,Mine docs patterns and operator education only.
freqtrade/freqtrade,e00a1fd28c03,docs/commands/plot-dataframe.md,documentation,P3,low,unreviewed,pending,docs,GPL-3.0 study-only: do not copy source into PQTS without explicit license decision.,4582,84,a9545e5f747d1b4a3411603fac4d344fd9847c796ead98f6db2d98b2408d766e,Mine docs patterns and operator education only.
freqtrade/freqtrade,e00a1fd28c03,docs/commands/plot-profit.md,documentation,P3,low,unreviewed,pending,docs,GPL-3.0 study-only: do not copy source into PQTS without explicit license decision.,3618,70,7edaf736a53f02ed795713de4ee7eeaa5b21984ba595bda6b453bb5774dde2d6,Mine docs patterns and operator education only.
freqtrade/freqtrade,e00a1fd28c03,docs/commands/show-config.md,documentation,P3,low,unreviewed,pending,docs,GPL-3.0 study-only: do not copy source into PQTS without explicit license decision.,604,15,ad60015f6156a725868e7ab1996703b903d14e640983604cf526be89d93c892d,Mine docs patterns and operator education only.
freqtrade/freqtrade,e00a1fd28c03,docs/commands/show-trades.md,documentation,P3,low,unreviewed,pending,docs,GPL-3.0 study-only: do not copy source into PQTS without explicit license decision.,1908,38,9212607f4c86ecb7d41c081965275ebdd2f05547297c7b35a1e7bd668e2576e0,Mine docs patterns and operator education only.
freqtrade/freqtrade,e00a1fd28c03,docs/commands/strategy-updater.md,documentation,P3,low,unreviewed,pending,docs,GPL-3.0 study-only: do not copy source into PQTS without explicit license decision.,2016,39,cc1b877a4c55bab69f5865f7c63f0f2394b6f5fe9ab1676e8180ff89a7d2a906,Mine docs patterns and operator education only.
freqtrade/freqtrade,e00a1fd28c03,docs/commands/test-pairlist.md,documentation,P3,low,unreviewed,pending,docs,GPL-3.0 study-only: do not copy source into PQTS without explicit license decision.,1068,21,2fa918881b5418c3dc32887b4e6ec2430cc4c66a9684dcff6a8d9a18c2336598,Mine docs patterns and operator education only.
freqtrade/freqtrade,e00a1fd28c03,docs/commands/trade.md,documentation,P3,low,unreviewed,pending,docs,GPL-3.0 study-only: do not copy source into PQTS without explicit license decision.,2830,55,2e6434035d6d5c57be61a8721af5704fb15ad36e8735e7d84853d3411797b759,Mine docs patterns and operator education only.
freqtrade/freqtrade,e00a1fd28c03,docs/commands/trades-to-ohlcv.md,documentation,P3,low,unreviewed,pending,docs,GPL-3.0 study-only: do not copy source into PQTS without explicit license decision.,2582,49,f9697880b8653f74b808067b9115b66a8dbdd0d28e86b009b9721545ebbe19be,Mine docs patterns and operator education only.
freqtrade/freqtrade,e00a1fd28c03,docs/commands/webserver.md,documentation,P3,low,unreviewed,pending,docs,GPL-3.0 study-only: do not copy source into PQTS without explicit license decision.,1329,28,f97799a49797d975e37e349b87983591f09a7b67ac4c0fac88185208e99af991,Mine docs patterns and operator education only.
freqtrade/freqtrade,e00a1fd28c03,docs/configuration.md,documentation,P3,low,unreviewed,pending,docs,GPL-3.0 study-only: do not copy source into PQTS without explicit license decision.,57945,800,ed8ec56af660a0541ebec855aab63d755e27cbceed09a796475106a3534f26ab,Mine docs patterns and operator education only.
freqtrade/freqtrade,e00a1fd28c03,docs/data-analysis.md,documentation,P3,low,unreviewed,pending,docs,GPL-3.0 study-only: do not copy source into PQTS without explicit license decision.,5282,127,39743f62a27f8f4a405234adaccdb915849ec92e3f6ed37ff4aaee8fcaa955ea,Mine docs patterns and operator education only.
freqtrade/freqtrade,e00a1fd28c03,docs/deprecated.md,documentation,P3,low,unreviewed,pending,docs,GPL-3.0 study-only: do not copy source into PQTS without explicit license decision.,8597,147,687542e56dc4551c3bbcb3d659283e6392076bd9c6f3acdc13233495917da3e4,Mine docs patterns and operator education only.
freqtrade/freqtrade,e00a1fd28c03,docs/developer.md,documentation,P3,low,unreviewed,pending,docs,GPL-3.0 study-only: do not copy source into PQTS without explicit license decision.,23889,533,7196392c787c3abc229bddcbef1a63fd1044e9461e8dde183b010e13c5dc7f65,Mine docs patterns and operator education only.
freqtrade/freqtrade,e00a1fd28c03,docs/docker_quickstart.md,documentation,P3,low,unreviewed,pending,docs,GPL-3.0 study-only: do not copy source into PQTS without explicit license decision.,11200,226,df04f54c634b9952f9241575d8b5227944abc73ee8456efa38e10ef04956896d,Mine docs patterns and operator education only.
freqtrade/freqtrade,e00a1fd28c03,docs/faq.md,documentation,P3,low,unreviewed,pending,docs,GPL-3.0 study-only: do not copy source into PQTS without explicit license decision.,19364,318,7656fca9e522f689874da172ed486dafc271c161fbc7d164e08e7ec958ef5617,Mine docs patterns and operator education only.
freqtrade/freqtrade,e00a1fd28c03,docs/images/logo.png,documentation,P3,low,unreviewed,pending,docs,GPL-3.0 study-only: do not copy source into PQTS without explicit license decision.,11025,43,04912453eb3bdaa832170424dc2216df2294e5a7843e967c2ee4c5fa18fda8ac,Mine docs patterns and operator education only.
freqtrade/freqtrade,e00a1fd28c03,docs/includes/cors.md,documentation,P3,low,unreviewed,pending,docs,GPL-3.0 study-only: do not copy source into PQTS without explicit license decision.,1964,43,5d6bc31164bfa7ed16d2ccdff0ec0068c73dcc9c4cdfecaf5989f4b5867a7fac,Mine docs patterns and operator education only.
freqtrade/freqtrade,e00a1fd28c03,docs/includes/exchange-features.md,documentation,P3,low,unreviewed,pending,docs,GPL-3.0 study-only: do not copy source into PQTS without explicit license decision.,1301,22,2b2affc8f247f18c4ebf82aaf4a2e85d1b9fef067c05d3376a70f3f6f69079fd,Mine docs patterns and operator education only.
freqtrade/freqtrade,e00a1fd28c03,docs/includes/pairlists.md,documentation,P3,low,unreviewed,pending,docs,GPL-3.0 study-only: do not copy source into PQTS without explicit license decision.,34619,664,9286d513322a7898e31a272e69347610c6716d813b9df44606db9fe5d0ee046a,Mine docs patterns and operator education only.
freqtrade/freqtrade,e00a1fd28c03,docs/includes/pricing.md,documentation,P3,low,unreviewed,pending,docs,GPL-3.0 study-only: do not copy source into PQTS without explicit license decision.,7195,146,0ce6abc056af7bb0817e36c2a6620fd81ae9202a3bf99b0896615c69e072856f,Mine docs patterns and operator education only.
freqtrade/freqtrade,e00a1fd28c03,docs/includes/protections.md,documentation,P3,low,unreviewed,pending,docs,GPL-3.0 study-only: do not copy source into PQTS without explicit license decision.,10079,203,d141f6f353440d206bdc8f3c07b44beb8c8d31c7f78f6eb82ef36c7962558e46,Mine docs patterns and operator education only.
freqtrade/freqtrade,e00a1fd28c03,docs/includes/release_template.md,documentation,P3,low,unreviewed,pending,docs,GPL-3.0 study-only: do not copy source into PQTS without explicit license decision.,480,37,dec8294deab155a481aebbfa87711a44dfcf1aec85ef689707eed261ad821120,Mine docs patterns and operator education only.
freqtrade/freqtrade,e00a1fd28c03,docs/includes/showcase.md,documentation,P3,low,unreviewed,pending,docs,GPL-3.0 study-only: do not copy source into PQTS without explicit license decision.,853,11,54103d402bfb99fd5244f082aafb1b215c8096a4ebbc0b7dd11566d913c9a83f,Mine docs patterns and operator education only.
freqtrade/freqtrade,e00a1fd28c03,docs/includes/strategy-exit-comparisons.md,documentation,P3,low,unreviewed,pending,docs,GPL-3.0 study-only: do not copy source into PQTS without explicit license decision.,2145,18,61e50d75f650c3608eaaaf6c553185734cde4b1a00e3033bb2a1e16b471c9547,Mine docs patterns and operator education only.
freqtrade/freqtrade,e00a1fd28c03,docs/includes/strategy-imports.md,documentation,P3,low,unreviewed,pending,docs,GPL-3.0 study-only: do not copy source into PQTS without explicit license decision.,1258,45,5b162a7211dba99803b74da677b435952d213b30f2c1ce5595245debd20b6a1b,Mine docs patterns and operator education only.
freqtrade/freqtrade,e00a1fd28c03,docs/index.md,documentation,P3,low,unreviewed,pending,docs,GPL-3.0 study-only: do not copy source into PQTS without explicit license decision.,5617,110,876a232e04397c5b94caa4958692a9738c1fd4ebc151f39260545bea7378b25e,Mine docs patterns and operator education only.
freqtrade/freqtrade,e00a1fd28c03,docs/installation.md,documentation,P3,low,unreviewed,pending,docs,GPL-3.0 study-only: do not copy source into PQTS without explicit license decision.,15312,435,e4956a0eb3d2425d10e873bad7052a622f86096e6bee7ba31807d7d21597e428,Mine docs patterns and operator education only.
freqtrade/freqtrade,e00a1fd28c03,docs/javascripts/config.js,documentation,P3,low,unreviewed,pending,docs,GPL-3.0 study-only: do not copy source into PQTS without explicit license decision.,241,12,9ada7361897c412e92c3d71c88e26b00b54c579aa6d0864cd0f81ea7673bb840,Mine docs patterns and operator education only.
freqtrade/freqtrade,e00a1fd28c03,docs/overrides/main.html,documentation,P3,low,unreviewed,pending,docs,GPL-3.0 study-only: do not copy source into PQTS without explicit license decision.,1317,43,dbe9ae1329149f44864bf238f0402f657650d6401e061f18eeb101833192c99d,Mine docs patterns and operator education only.
freqtrade/freqtrade,e00a1fd28c03,docs/plotting.md,documentation,P3,low,unreviewed,pending,docs,GPL-3.0 study-only: do not copy source into PQTS without explicit license decision.,9702,260,8dc2fe128f80fb2214dc9fabea29a429612359a969d3f946e13d757cb21f9148,Mine docs patterns and operator education only.
freqtrade/freqtrade,e00a1fd28c03,docs/plugins.md,documentation,P3,low,unreviewed,pending,docs,GPL-3.0 study-only: do not copy source into PQTS without explicit license decision.,74,3,7dd5dad4dfc3e1ba1adaee72ebba04ff8d7403205df93b51bd7c1ab3dc51dfb8,Mine docs patterns and operator education only.
freqtrade/freqtrade,e00a1fd28c03,docs/producer-consumer.md,documentation,P3,low,unreviewed,pending,docs,GPL-3.0 study-only: do not copy source into PQTS without explicit license decision.,8592,166,4f87b6c9f63f94a16e6151beaf9505b4508223f189c659d721fb9f999600c7d2,Mine docs patterns and operator education only.
freqtrade/freqtrade,e00a1fd28c03,docs/requirements-docs.txt,documentation,P3,low,unreviewed,pending,docs,GPL-3.0 study-only: do not copy source into PQTS without explicit license decision.,134,7,d410d00fc0340c8acd57be4e16d3a73c1f43bb7cbe797a007ebeba8eadc96557,Mine docs patterns and operator education only.
freqtrade/freqtrade,e00a1fd28c03,docs/sql_cheatsheet.md,documentation,P3,low,unreviewed,pending,docs,GPL-3.0 study-only: do not copy source into PQTS without explicit license decision.,4111,126,f34059b252cc4b86d49a1067d5877a551bcc1edaf1386d71e5f634e8b1120038,Mine docs patterns and operator education only.
freqtrade/freqtrade,e00a1fd28c03,docs/stylesheets/ft.extra.css,documentation,P3,low,unreviewed,pending,docs,GPL-3.0 study-only: do not copy source into PQTS without explicit license decision.,1063,54,0037831cf697b4df416531f3e76e45480ea97d5c2ddba3816386890a520c77c4,Mine docs patterns and operator education only.
freqtrade/freqtrade,e00a1fd28c03,docs/trade-object.md,documentation,P3,low,unreviewed,pending,docs,GPL-3.0 study-only: do not copy source into PQTS without explicit license decision.,11232,222,9b5a1aae5ed6bb42c5c813b32b3e733d29e7d276d996b1dee21656d015051593,Mine docs patterns and operator education only.
freqtrade/freqtrade,e00a1fd28c03,docs/updating.md,documentation,P3,low,unreviewed,pending,docs,GPL-3.0 study-only: do not copy source into PQTS without explicit license decision.,2003,55,118cc7b59c62d8eb6557e323ae26897fca7b9ad58795e3ee075ecfa64e952c9b,Mine docs patterns and operator education only.
freqtrade/freqtrade,e00a1fd28c03,docs/utils.md,documentation,P3,low,unreviewed,pending,docs,GPL-3.0 study-only: do not copy source into PQTS without explicit license decision.,15860,421,dd1b53a82e6c7d558941c08da5f46ec105c78cefec5d69b080025ba7726d11b4,Mine docs patterns and operator education only.
freqtrade/freqtrade,e00a1fd28c03,docs/webhook-config.md,documentation,P3,low,unreviewed,pending,docs,GPL-3.0 study-only: do not copy source into PQTS without explicit license decision.,9634,307,b3b0d918d04e5391b67f2d9b1fa1586a8bbe7763f351791c10e76f52a14475a7,Mine docs patterns and operator education only.
freqtrade/freqtrade,e00a1fd28c03,mkdocs.yml,documentation,P3,low,unreviewed,pending,docs,GPL-3.0 study-only: do not copy source into PQTS without explicit license decision.,4177,133,da7cdb8330d17292528f6c83d6955b6253b4ba0c243043b853185ab887d21bca,Mine docs patterns and operator education only.
freqtrade/freqtrade,e00a1fd28c03,.coveragerc,other,P4,low,unreviewed,pending,pending triage,GPL-3.0 study-only: do not copy source into PQTS without explicit license decision.,114,7,35352e1c956ea5c6f7589545857daa9910be92cf300b462b1364f57707712921,Review after higher-priority assimilation phases.
freqtrade/freqtrade,e00a1fd28c03,.dockerignore,other,P4,low,unreviewed,pending,pending triage,GPL-3.0 study-only: do not copy source into PQTS without explicit license decision.,276,26,ed064d8971f7f30d024ddb69c93146f09dd54add0c1d243ae93d32a092c9cb58,Review after higher-priority assimilation phases.
freqtrade/freqtrade,e00a1fd28c03,.gitattributes,other,P4,low,unreviewed,pending,pending triage,GPL-3.0 study-only: do not copy source into PQTS without explicit license decision.,47,3,34931536d828e5058900e370f5f51da6a6e53f0eabd613c5a19766f5b6e68d81,Review after higher-priority assimilation phases.
freqtrade/freqtrade,e00a1fd28c03,.gitignore,other,P4,low,unreviewed,pending,pending triage,GPL-3.0 study-only: do not copy source into PQTS without explicit license decision.,1595,118,3aeec364724ebb71cbe6e20fb1a363ac92990be339a89df6fabe066c329e1292,Review after higher-priority assimilation phases.
freqtrade/freqtrade,e00a1fd28c03,.pre-commit-config.yaml,other,P4,low,unreviewed,pending,pending triage,GPL-3.0 study-only: do not copy source into PQTS without explicit license decision.,2024,75,81cd393abade745f005bfebc5e4996635e93a5d2295fef4d2c2077e5b0bfaf57,Review after higher-priority assimilation phases.
freqtrade/freqtrade,e00a1fd28c03,.pylintrc,other,P4,low,unreviewed,pending,pending triage,GPL-3.0 study-only: do not copy source into PQTS without explicit license decision.,157,9,6fe5fb47545fde9f53891fd67a91aef5c65c5357e7671fea78622834cd5ec4b6,Review after higher-priority assimilation phases.
freqtrade/freqtrade,e00a1fd28c03,.vscode/extensions.json,other,P4,low,unreviewed,pending,pending triage,GPL-3.0 study-only: do not copy source into PQTS without explicit license decision.,292,11,1a9b30765c93605cf1142d3d6ae67c07d0bcd20547a3187fac49e437266281df,Review after higher-priority assimilation phases.
freqtrade/freqtrade,e00a1fd28c03,MANIFEST.in,other,P4,low,unreviewed,pending,pending triage,GPL-3.0 study-only: do not copy source into PQTS without explicit license decision.,290,9,eafab5ab0478421648922f518b9a1de60dd00c77d68b66cfe8b6e0db6323efda,Review after higher-priority assimilation phases.
freqtrade/freqtrade,e00a1fd28c03,freqtrade.service,other,P4,low,unreviewed,pending,pending triage,GPL-3.0 study-only: do not copy source into PQTS without explicit license decision.,303,13,9b69fcb21207f2fb02a0616bcb58499ab775da1a124bc3d7238b26f0456b217c,Review after higher-priority assimilation phases.
freqtrade/freqtrade,e00a1fd28c03,freqtrade.service.watchdog,other,P4,low,unreviewed,pending,pending triage,GPL-3.0 study-only: do not copy source into PQTS without explicit license decision.,579,29,f8450bd5bd7fb5b859dfa675d024d3da4eaebb1d91bee8c03eb1774e39da4b7a,Review after higher-priority assimilation phases.
freqtrade/freqtrade,e00a1fd28c03,freqtrade/__init__.py,other,P4,low,unreviewed,pending,pending triage,GPL-3.0 study-only: do not copy source into PQTS without explicit license decision.,976,34,d37ea87f85ff9662f8b903346f85c03b2661cee884ef77a76c637b2a058772d8,Review after higher-priority assimilation phases.
freqtrade/freqtrade,e00a1fd28c03,freqtrade/__main__.py,other,P4,low,unreviewed,pending,pending triage,GPL-3.0 study-only: do not copy source into PQTS without explicit license decision.,207,13,7f4c0cc1db1b59103028a67064fa516dc8e401d61c815e918bfad64ce080bc8d,Review after higher-priority assimilation phases.
freqtrade/freqtrade,e00a1fd28c03,freqtrade/config_schema/__init__.py,other,P4,low,unreviewed,pending,pending triage,GPL-3.0 study-only: do not copy source into PQTS without explicit license decision.,90,4,5f009d6ee88ac85998cecae47ce671aea8e4413006246a883c35e73b7b91175a,Review after higher-priority assimilation phases.
freqtrade/freqtrade,e00a1fd28c03,freqtrade/config_schema/config_schema.py,other,P4,low,unreviewed,pending,pending triage,GPL-3.0 study-only: do not copy source into PQTS without explicit license decision.,61186,1508,d93ac09d3f5ba83e726c7c7f10a03e51cfc2c8a7f4385cdff09184cb6b7059a8,Review after higher-priority assimilation phases.
freqtrade/freqtrade,e00a1fd28c03,freqtrade/configuration/__init__.py,other,P4,low,unreviewed,pending,pending triage,GPL-3.0 study-only: do not copy source into PQTS without explicit license decision.,468,8,732c8c31bc48181102243ecd5316157b998d9583b9b880a0797858154ab146cb,Review after higher-priority assimilation phases.
freqtrade/freqtrade,e00a1fd28c03,freqtrade/configuration/config_secrets.py,other,P4,low,unreviewed,pending,pending triage,GPL-3.0 study-only: do not copy source into PQTS without explicit license decision.,1977,67,54d78a3127258a1e736a5986abf0bacb07f17288e65f89c230932914d554de89,Review after higher-priority assimilation phases.
freqtrade/freqtrade,e00a1fd28c03,freqtrade/configuration/config_setup.py,other,P4,low,unreviewed,pending,pending triage,GPL-3.0 study-only: do not copy source into PQTS without explicit license decision.,768,30,b5bcf65d7d809c5829f244272a64662f9538f3aa208518e59327555e4b277eae,Review after higher-priority assimilation phases.
freqtrade/freqtrade,e00a1fd28c03,freqtrade/configuration/config_validation.py,other,P4,low,unreviewed,pending,pending triage,GPL-3.0 study-only: do not copy source into PQTS without explicit license decision.,17471,428,426f5b7242e3ab1e3fb77c7035498d79d3ff6f0109b98c14664f67c64aec46af,Review after higher-priority assimilation phases.
freqtrade/freqtrade,e00a1fd28c03,freqtrade/configuration/configuration.py,other,P4,low,unreviewed,pending,pending triage,GPL-3.0 study-only: do not copy source into PQTS without explicit license decision.,23821,553,e8dbd44af4c215cf638acf0e8c06ad47185aaf0c589d3d9e51f3db4c31f8cfe5,Review after higher-priority assimilation phases.
freqtrade/freqtrade,e00a1fd28c03,freqtrade/configuration/deploy_config.py,other,P4,low,unreviewed,pending,pending triage,GPL-3.0 study-only: do not copy source into PQTS without explicit license decision.,8262,250,6b83ab9e69d0039e3616dd58f260614e23169ff7db22f84f4e34b3cf78a9afe5,Review after higher-priority assimilation phases.
freqtrade/freqtrade,e00a1fd28c03,freqtrade/configuration/deprecated_settings.py,other,P4,low,unreviewed,pending,pending triage,GPL-3.0 study-only: do not copy source into PQTS without explicit license decision.,6430,171,43f62ac312eb21d2b774e249a8cf1b1071a105ca42bc504ef4e78e46137cf6d5,Review after higher-priority assimilation phases.
freqtrade/freqtrade,e00a1fd28c03,freqtrade/configuration/detect_environment.py,other,P4,low,unreviewed,pending,pending triage,GPL-3.0 study-only: do not copy source into PQTS without explicit license decision.,163,8,f2ce6f5af3a439956048af589f0fd2bbd32b00a68dc2131229aee15db8b18e74,Review after higher-priority assimilation phases.
freqtrade/freqtrade,e00a1fd28c03,freqtrade/configuration/directory_operations.py,other,P4,low,unreviewed,pending,pending triage,GPL-3.0 study-only: do not copy source into PQTS without explicit license decision.,3944,112,623bc4f241a6760e0745f1a2595794f88c73ae04d766872d6a2c4229abdcca82,Review after higher-priority assimilation phases.
freqtrade/freqtrade,e00a1fd28c03,freqtrade/configuration/environment_vars.py,other,P4,low,unreviewed,pending,pending triage,GPL-3.0 study-only: do not copy source into PQTS without explicit license decision.,2816,82,aa20421c7e95d420a427cd72268afe2e8ba4f1a43e23a47930f2911f70ebcb52,Review after higher-priority assimilation phases.
freqtrade/freqtrade,e00a1fd28c03,freqtrade/configuration/load_config.py,other,P4,low,unreviewed,pending,pending triage,GPL-3.0 study-only: do not copy source into PQTS without explicit license decision.,3896,120,5ad9f1f080a3ecae7c54e27eb0e173b21d96876cf85fa465364f8305ed652f60,Review after higher-priority assimilation phases.
freqtrade/freqtrade,e00a1fd28c03,freqtrade/configuration/timerange.py,other,P4,low,unreviewed,pending,pending triage,GPL-3.0 study-only: do not copy source into PQTS without explicit license decision.,6300,178,83086ef5932fe90544fd35dc978335cfeaaca6dad7913028ee8da75e417304dd,Review after higher-priority assimilation phases.
freqtrade/freqtrade,e00a1fd28c03,freqtrade/constants.py,other,P4,low,unreviewed,pending,pending triage,GPL-3.0 study-only: do not copy source into PQTS without explicit license decision.,6481,245,b5c13e23b3032e4981047f029ebb098f6cb7caf5adbaa2767ea85025e7da947b,Review after higher-priority assimilation phases.
freqtrade/freqtrade,e00a1fd28c03,freqtrade/data/__init__.py,other,P4,low,unreviewed,pending,pending triage,GPL-3.0 study-only: do not copy source into PQTS without explicit license decision.,185,9,3487fb19b55a96c8327f6e74ce4770deb61f701a060ba0362b4f704d4eabe10c,Review after higher-priority assimilation phases.
freqtrade/freqtrade,e00a1fd28c03,freqtrade/data/dataprovider.py,other,P4,low,unreviewed,pending,pending triage,GPL-3.0 study-only: do not copy source into PQTS without explicit license decision.,26374,648,b13c8b966fc28790b1e0881ee7da9ad59d1df065a723d26cf619531d0a860761,Review after higher-priority assimilation phases.
freqtrade/freqtrade,e00a1fd28c03,freqtrade/data/entryexitanalysis.py,other,P4,low,unreviewed,pending,pending triage,GPL-3.0 study-only: do not copy source into PQTS without explicit license decision.,15007,441,f296dadf404b4576192a518524195d4aa548014eda561c7d571d0e8ee50bd78a,Review after higher-priority assimilation phases.
freqtrade/freqtrade,e00a1fd28c03,freqtrade/data/metrics.py,other,P4,low,unreviewed,pending,pending triage,GPL-3.0 study-only: do not copy source into PQTS without explicit license decision.,23068,634,1fbaaa3359bddb87f5fcd7d1b1f30f6a7d72e80253cdd881888764e29d9db45a,Review after higher-priority assimilation phases.
freqtrade/freqtrade,e00a1fd28c03,freqtrade/enums/__init__.py,other,P4,low,unreviewed,pending,pending triage,GPL-3.0 study-only: do not copy source into PQTS without explicit license decision.,859,15,4c3c2b5cfdfded184612210b4087ace5235f51ea12458a9e21ef09b87a47d8f9,Review after higher-priority assimilation phases.
freqtrade/freqtrade,e00a1fd28c03,freqtrade/enums/candletype.py,other,P4,low,unreviewed,pending,pending triage,GPL-3.0 study-only: do not copy source into PQTS without explicit license decision.,738,28,e5d382e53155bdb003e1e0d90837e273694e0f7f942041adf6dd3c2d5238c9f2,Review after higher-priority assimilation phases.
freqtrade/freqtrade,e00a1fd28c03,freqtrade/enums/exitchecktuple.py,other,P4,low,unreviewed,pending,pending triage,GPL-3.0 study-only: do not copy source into PQTS without explicit license decision.,641,24,3f6d6589cf0be0152ebf7e6fc9a59775c96a3fc053c90db8e90720a41e8250c9,Review after higher-priority assimilation phases.
freqtrade/freqtrade,e00a1fd28c03,freqtrade/enums/exittype.py,other,P4,low,unreviewed,pending,pending triage,GPL-3.0 study-only: do not copy source into PQTS without explicit license decision.,620,24,84b5dbcc71aa3e3a7636b660aa7f605474d3014d19417742c0b965f2d2444ba6,Review after higher-priority assimilation phases.
freqtrade/freqtrade,e00a1fd28c03,freqtrade/enums/marginmode.py,other,P4,low,unreviewed,pending,pending triage,GPL-3.0 study-only: do not copy source into PQTS without explicit license decision.,244,13,c2cb635a4e4dba5956fe56915d7e1b201dc6bcf2ccb82ffd1e75e6172e9d3616,Review after higher-priority assimilation phases.
freqtrade/freqtrade,e00a1fd28c03,freqtrade/enums/marketstatetype.py,other,P4,low,unreviewed,pending,pending triage,GPL-3.0 study-only: do not copy source into PQTS without explicit license decision.,262,16,a1cfc12c724611af8889c27c74fe6fc19b950866710f2fdb9096136e60a6c1b9,Review after higher-priority assimilation phases.
freqtrade/freqtrade,e00a1fd28c03,freqtrade/enums/ordertypevalue.py,other,P4,low,unreviewed,pending,pending triage,GPL-3.0 study-only: do not copy source into PQTS without explicit license decision.,101,6,87b24ca3a071a82595c258f23816762c1024cc936a006bc83cfc3b9422859069,Review after higher-priority assimilation phases.
freqtrade/freqtrade,e00a1fd28c03,freqtrade/enums/pricetype.py,other,P4,low,unreviewed,pending,pending triage,GPL-3.0 study-only: do not copy source into PQTS without explicit license decision.,179,9,9c2fe49c7512b1010904de89f6a9c54654fee7798d25ba30453965fc3218e120,Review after higher-priority assimilation phases.
freqtrade/freqtrade,e00a1fd28c03,freqtrade/enums/rpcmessagetype.py,other,P4,low,unreviewed,pending,pending triage,GPL-3.0 study-only: do not copy source into PQTS without explicit license decision.,970,40,26b21326cea8fe45f552ad99bea3de948897b7e65a58fd8d3663b02e10dc9b33,Review after higher-priority assimilation phases.
freqtrade/freqtrade,e00a1fd28c03,freqtrade/enums/runmode.py,other,P4,low,unreviewed,pending,pending triage,GPL-3.0 study-only: do not copy source into PQTS without explicit license decision.,555,23,8f0dd046966fdd48ceac3a409882ec19b64584ead29aa3184a0291ccf2928eab,Review after higher-priority assimilation phases.
freqtrade/freqtrade,e00a1fd28c03,freqtrade/enums/signaltype.py,other,P4,low,unreviewed,pending,pending triage,GPL-3.0 study-only: do not copy source into PQTS without explicit license decision.,449,26,7ac6fedb86c72d066084768b4f2db40deafbe9a280cc32d2ee23e685ef7eba78,Review after higher-priority assimilation phases.
freqtrade/freqtrade,e00a1fd28c03,freqtrade/enums/state.py,other,P4,low,unreviewed,pending,pending triage,GPL-3.0 study-only: do not copy source into PQTS without explicit license decision.,218,15,3f6c39d03629f6560fa3915f91294d9594169638f013bf7c7aa0d3554db2437e,Review after higher-priority assimilation phases.
freqtrade/freqtrade,e00a1fd28c03,freqtrade/enums/tradingmode.py,other,P4,low,unreviewed,pending,pending triage,GPL-3.0 study-only: do not copy source into PQTS without explicit license decision.,222,12,c04f2506f12120db2919748388f47611bd98ef09fae7a16db1553745ec264a0f,Review after higher-priority assimilation phases.
freqtrade/freqtrade,e00a1fd28c03,freqtrade/exceptions.py,other,P4,low,unreviewed,pending,pending triage,GPL-3.0 study-only: do not copy source into PQTS without explicit license decision.,2200,84,9508e6d118e4d065989b49fb3f93739ea4b6b7f5f19037e17b3397a1746b15ab,Review after higher-priority assimilation phases.
freqtrade/freqtrade,e00a1fd28c03,freqtrade/freqtradebot.py,other,P4,low,unreviewed,pending,pending triage,GPL-3.0 study-only: do not copy source into PQTS without explicit license decision.,112850,2647,aa116099be628a3127dbacdae79419f135e87fa29c0dd20f30b988c037df1fc6,Review after higher-priority assimilation phases.
freqtrade/freqtrade,e00a1fd28c03,freqtrade/ft_types/__init__.py,other,P4,low,unreviewed,pending,pending triage,GPL-3.0 study-only: do not copy source into PQTS without explicit license decision.,405,11,80942d94d076e8d93812353b0e608a450a1c43bf2c37dbb13ced5007ef981b30,Review after higher-priority assimilation phases.
freqtrade/freqtrade,e00a1fd28c03,freqtrade/ft_types/plot_annotation_type.py,other,P4,low,unreviewed,pending,pending triage,GPL-3.0 study-only: do not copy source into PQTS without explicit license decision.,1069,42,eae3fe2870df515eb168a4bd2c4e14fdb9ffaa61248ab1ffba42167936c77e73,Review after higher-priority assimilation phases.
freqtrade/freqtrade,e00a1fd28c03,freqtrade/ft_types/valid_exchanges_type.py,other,P4,low,unreviewed,pending,pending triage,GPL-3.0 study-only: do not copy source into PQTS without explicit license decision.,390,21,0fb4c3b285decb49a80a65c4fe143c67b370e0c763417bfb540a1be68fc71233,Review after higher-priority assimilation phases.
freqtrade/freqtrade,e00a1fd28c03,freqtrade/loggers/__init__.py,other,P4,low,unreviewed,pending,pending triage,GPL-3.0 study-only: do not copy source into PQTS without explicit license decision.,8744,233,39c5ff64674ee14f6ae15be83c91707b88e72309377614b9bdfadd2807e334c5,Review after higher-priority assimilation phases.
freqtrade/freqtrade,e00a1fd28c03,freqtrade/loggers/buffering_handler.py,other,P4,low,unreviewed,pending,pending triage,GPL-3.0 study-only: do not copy source into PQTS without explicit license decision.,506,16,d520c26a80adfec84895018f943744cfab12098db298caca1d23f681a71e7608,Review after higher-priority assimilation phases.
freqtrade/freqtrade,e00a1fd28c03,freqtrade/loggers/ft_rich_handler.py,other,P4,low,unreviewed,pending,pending triage,GPL-3.0 study-only: do not copy source into PQTS without explicit license decision.,1734,49,4f03b739cfdc462f1b5ed3a44fabd55da7aee2cb4c2813bd7db6e4cb2c866518,Review after higher-priority assimilation phases.
freqtrade/freqtrade,e00a1fd28c03,freqtrade/loggers/json_formatter.py,other,P4,low,unreviewed,pending,pending triage,GPL-3.0 study-only: do not copy source into PQTS without explicit license decision.,2513,74,b3ccac3e65b9205b3b6a579cdc8a9e20d4b0e2db9ed765fadaafc23a9aa74db4,Review after higher-priority assimilation phases.
freqtrade/freqtrade,e00a1fd28c03,freqtrade/loggers/rich_console.py,other,P4,low,unreviewed,pending,pending triage,GPL-3.0 study-only: do not copy source into PQTS without explicit license decision.,685,26,385d24915ee64cc1f7fd5dd3ef0758708940f7bbed8f9c08551f4450a6b5f552,Review after higher-priority assimilation phases.
freqtrade/freqtrade,e00a1fd28c03,freqtrade/loggers/set_log_levels.py,other,P4,low,unreviewed,pending,pending triage,GPL-3.0 study-only: do not copy source into PQTS without explicit license decision.,822,31,8d57f13f3d9076b16cfe2ad473215a5ec60d9f50036907b592bf9fadb6792f2a,Review after higher-priority assimilation phases.
freqtrade/freqtrade,e00a1fd28c03,freqtrade/loggers/std_err_stream_handler.py,other,P4,low,unreviewed,pending,pending triage,GPL-3.0 study-only: do not copy source into PQTS without explicit license decision.,714,26,0a15b2e58c3bd0ee51c62f0db73a6526b3be648d1f410224f67a0c622609d3b1,Review after higher-priority assimilation phases.
freqtrade/freqtrade,e00a1fd28c03,freqtrade/main.py,other,P4,low,unreviewed,pending,pending triage,GPL-3.0 study-only: do not copy source into PQTS without explicit license decision.,2532,83,caa5ba0b21e6c120d0805c29e286b8ac1ccb2ac255b9539d0e2f108116ce611a,Review after higher-priority assimilation phases.
freqtrade/freqtrade,e00a1fd28c03,freqtrade/misc.py,other,P4,low,unreviewed,pending,pending triage,GPL-3.0 study-only: do not copy source into PQTS without explicit license decision.,8743,270,0ddabcde150163e124fdb09fcf9a1c41a6f3a39d994aed897fcbcd70d719d3bd,Review after higher-priority assimilation phases.
freqtrade/freqtrade,e00a1fd28c03,freqtrade/mixins/__init__.py,other,P4,low,unreviewed,pending,pending triage,GPL-3.0 study-only: do not copy source into PQTS without explicit license decision.,70,1,cd30fc97895a28d9ce0054dc4e965e63ec3689329ca26a8749a7313eaf5a03ab,Review after higher-priority assimilation phases.
freqtrade/freqtrade,e00a1fd28c03,freqtrade/mixins/logging_mixin.py,other,P4,low,unreviewed,pending,pending triage,GPL-3.0 study-only: do not copy source into PQTS without explicit license decision.,1479,44,beeeb0402e4720fc255bc543e2f68969241e295db5008109da82fe0a90a161c4,Review after higher-priority assimilation phases.
freqtrade/freqtrade,e00a1fd28c03,freqtrade/plot/__init__.py,other,P4,low,unreviewed,pending,pending triage,GPL-3.0 study-only: do not copy source into PQTS without explicit license decision.,0,0,e3b0c44298fc1c149afbf4c8996fb92427ae41e4649b934ca495991b7852b855,Review after higher-priority assimilation phases.
freqtrade/freqtrade,e00a1fd28c03,freqtrade/plot/plotting.py,other,P4,low,unreviewed,pending,pending triage,GPL-3.0 study-only: do not copy source into PQTS without explicit license decision.,25653,718,39f6684ab1a69487ce7ed2dc8a30de121a49eaff8aec30cf621312bea8a6b3d4,Review after higher-priority assimilation phases.
freqtrade/freqtrade,e00a1fd28c03,freqtrade/plugins/__init__.py,other,P4,low,unreviewed,pending,pending triage,GPL-3.0 study-only: do not copy source into PQTS without explicit license decision.,0,0,e3b0c44298fc1c149afbf4c8996fb92427ae41e4649b934ca495991b7852b855,Review after higher-priority assimilation phases.
freqtrade/freqtrade,e00a1fd28c03,freqtrade/plugins/pairlist/AgeFilter.py,other,P4,low,unreviewed,pending,pending triage,GPL-3.0 study-only: do not copy source into PQTS without explicit license decision.,6385,158,8b30da79a1fc26d7db900a6a3ce977bbb21f4ce574dd88c54340cfa15f6923b6,Review after higher-priority assimilation phases.
freqtrade/freqtrade,e00a1fd28c03,freqtrade/plugins/pairlist/CrossMarketPairList.py,other,P4,low,unreviewed,pending,pending triage,GPL-3.0 study-only: do not copy source into PQTS without explicit license decision.,5237,133,fe6465fb2f7727c737f7f3cbe260dff82afed15a14ac72bba5e31967b60cd398,Review after higher-priority assimilation phases.
freqtrade/freqtrade,e00a1fd28c03,freqtrade/plugins/pairlist/DelistFilter.py,other,P4,low,unreviewed,pending,pending triage,GPL-3.0 study-only: do not copy source into PQTS without explicit license decision.,2988,87,c9cc5f2668253fbb56ac93634591d9b47967a97d5614f7c7082375d630f25a75,Review after higher-priority assimilation phases.
freqtrade/freqtrade,e00a1fd28c03,freqtrade/plugins/pairlist/FullTradesFilter.py,other,P4,low,unreviewed,pending,pending triage,GPL-3.0 study-only: do not copy source into PQTS without explicit license decision.,1370,43,8f3899f74431158fbc8459b1d9f5c67e7e08bb525b1b4795b124f1a4fa264c3b,Review after higher-priority assimilation phases.
freqtrade/freqtrade,e00a1fd28c03,freqtrade/plugins/pairlist/IPairList.py,other,P4,low,unreviewed,pending,pending triage,GPL-3.0 study-only: do not copy source into PQTS without explicit license decision.,9702,287,03240157fe6dbc0733c79baf7be850ae630809c888344233b7cfb26ef75ee3b2,Review after higher-priority assimilation phases.
freqtrade/freqtrade,e00a1fd28c03,freqtrade/plugins/pairlist/MarketCapPairList.py,other,P4,low,unreviewed,pending,pending triage,GPL-3.0 study-only: do not copy source into PQTS without explicit license decision.,9007,249,58844929801643497606859138b311b677c100562a813ef795d12766a48d5b08,Review after higher-priority assimilation phases.
freqtrade/freqtrade,e00a1fd28c03,freqtrade/plugins/pairlist/OffsetFilter.py,other,P4,low,unreviewed,pending,pending triage,GPL-3.0 study-only: do not copy source into PQTS without explicit license decision.,2464,73,5d170476de14bd7fed1915df3b965395171ea44e829c73d94ec2cf8d6751acbf,Review after higher-priority assimilation phases.
freqtrade/freqtrade,e00a1fd28c03,freqtrade/plugins/pairlist/PercentChangePairList.py,other,P4,low,unreviewed,pending,pending triage,GPL-3.0 study-only: do not copy source into PQTS without explicit license decision.,13904,344,ed21d8253b6acfa9f5d32b42ab4f00942dee44be8037a5231c76d8fdd3c458dd,Review after higher-priority assimilation phases.
freqtrade/freqtrade,e00a1fd28c03,freqtrade/plugins/pairlist/PerformanceFilter.py,other,P4,low,unreviewed,pending,pending triage,GPL-3.0 study-only: do not copy source into PQTS without explicit license decision.,3776,102,3ba60dfa28fdf3bb153d25a49899db21eaac4b6fae7885492513802eabfb87b5,Review after higher-priority assimilation phases.
freqtrade/freqtrade,e00a1fd28c03,freqtrade/plugins/pairlist/PrecisionFilter.py,other,P4,low,unreviewed,pending,pending triage,GPL-3.0 study-only: do not copy source into PQTS without explicit license decision.,2958,85,5a5e453ddb49fd267d9492e97dedc15ecd3c27743cdd21f5f3c650170ce64529,Review after higher-priority assimilation phases.
freqtrade/freqtrade,e00a1fd28c03,freqtrade/plugins/pairlist/PriceFilter.py,other,P4,low,unreviewed,pending,pending triage,GPL-3.0 study-only: do not copy source into PQTS without explicit license decision.,6600,175,b42691230dd1342f14e2be6006e5b3afda974992e8abeb8517b4a564ba57b23f,Review after higher-priority assimilation phases.
freqtrade/freqtrade,e00a1fd28c03,freqtrade/plugins/pairlist/ProducerPairList.py,other,P4,low,unreviewed,pending,pending triage,GPL-3.0 study-only: do not copy source into PQTS without explicit license decision.,3649,109,c01188cb5cbcdee1db73e78b32b80e40f654b281fed60c7fa5b9fa6dbbec1ace,Review after higher-priority assimilation phases.
freqtrade/freqtrade,e00a1fd28c03,freqtrade/plugins/pairlist/RemotePairList.py,other,P4,low,unreviewed,pending,pending triage,GPL-3.0 study-only: do not copy source into PQTS without explicit license decision.,11840,305,48c6c26bef38954c7f2b7d5e9c4aa6d394a9a6750087da29c116ed68db7d774f,Review after higher-priority assimilation phases.
freqtrade/freqtrade,e00a1fd28c03,freqtrade/plugins/pairlist/ShuffleFilter.py,other,P4,low,unreviewed,pending,pending triage,GPL-3.0 study-only: do not copy source into PQTS without explicit license decision.,3355,91,de81d4c8481eb736e645ac68799357daa411171259b3c1c47938b8a322a2e5ff,Review after higher-priority assimilation phases.
freqtrade/freqtrade,e00a1fd28c03,freqtrade/plugins/pairlist/SpreadFilter.py,other,P4,low,unreviewed,pending,pending triage,GPL-3.0 study-only: do not copy source into PQTS without explicit license decision.,2839,83,f57e125b995888ad23c48cd249a33262d33ddacc9c619b3a089d65b6d2980655,Review after higher-priority assimilation phases.
freqtrade/freqtrade,e00a1fd28c03,freqtrade/plugins/pairlist/StaticPairList.py,other,P4,low,unreviewed,pending,pending triage,GPL-3.0 study-only: do not copy source into PQTS without explicit license decision.,2962,89,1d9f9051c486c976896592ebfd4712c57ad0d1cdd662ee1aada96de5a82574d2,Review after higher-priority assimilation phases.
freqtrade/freqtrade,e00a1fd28c03,freqtrade/plugins/pairlist/VolatilityFilter.py,other,P4,low,unreviewed,pending,pending triage,GPL-3.0 study-only: do not copy source into PQTS without explicit license decision.,6761,176,687c86253ee41e10823309ea87d126ebadb8751dfe56f8f7057b1c649a00b1f0,Review after higher-priority assimilation phases.
freqtrade/freqtrade,e00a1fd28c03,freqtrade/plugins/pairlist/VolumePairList.py,other,P4,low,unreviewed,pending,pending triage,GPL-3.0 study-only: do not copy source into PQTS without explicit license decision.,13408,315,e60c9d3cb905f8084cb6b836fcd04aca88e2b16bd43c58246e1ab393a8b17daf,Review after higher-priority assimilation phases.
freqtrade/freqtrade,e00a1fd28c03,freqtrade/plugins/pairlist/__init__.py,other,P4,low,unreviewed,pending,pending triage,GPL-3.0 study-only: do not copy source into PQTS without explicit license decision.,0,0,e3b0c44298fc1c149afbf4c8996fb92427ae41e4649b934ca495991b7852b855,Review after higher-priority assimilation phases.
freqtrade/freqtrade,e00a1fd28c03,freqtrade/plugins/pairlist/pairlist_helpers.py,other,P4,low,unreviewed,pending,pending triage,GPL-3.0 study-only: do not copy source into PQTS without explicit license decision.,2290,53,60244fa8617a6d3d6a86255ec7382e67d6e0a17216636a2cf961fec771f4634c,Review after higher-priority assimilation phases.
freqtrade/freqtrade,e00a1fd28c03,freqtrade/plugins/pairlist/rangestabilityfilter.py,other,P4,low,unreviewed,pending,pending triage,GPL-3.0 study-only: do not copy source into PQTS without explicit license decision.,6953,174,372c90ffdc378fde3fbc5a4560610219cf6e1bd6528f0ec25cce2a19bd263e9c,Review after higher-priority assimilation phases.
freqtrade/freqtrade,e00a1fd28c03,freqtrade/plugins/pairlistmanager.py,other,P4,low,unreviewed,pending,pending triage,GPL-3.0 study-only: do not copy source into PQTS without explicit license decision.,9972,233,d046acf397867160b778e2594b950ae99432e317986f9de50e6f5c3e58397d7a,Review after higher-priority assimilation phases.
freqtrade/freqtrade,e00a1fd28c03,freqtrade/plugins/protectionmanager.py,other,P4,low,unreviewed,pending,pending triage,GPL-3.0 study-only: do not copy source into PQTS without explicit license decision.,4797,125,2aebf3a43e67f96995d15b522833032fbd7727dca38018402c8ca2afa64ad5fd,Review after higher-priority assimilation phases.
freqtrade/freqtrade,e00a1fd28c03,freqtrade/resolvers/__init__.py,other,P4,low,unreviewed,pending,pending triage,GPL-3.0 study-only: do not copy source into PQTS without explicit license decision.,513,11,995a15b80c5780d31cbda6c91b838f5b6aaf0aa67a6743f525f06359dde61299,Review after higher-priority assimilation phases.
freqtrade/freqtrade,e00a1fd28c03,freqtrade/resolvers/exchange_resolver.py,other,P4,low,unreviewed,pending,pending triage,GPL-3.0 study-only: do not copy source into PQTS without explicit license decision.,3850,114,39497f0c4071ccd51ef8685f2e35be65cbdc984b6b3b718918c60a7fe5d8c10e,Review after higher-priority assimilation phases.
freqtrade/freqtrade,e00a1fd28c03,freqtrade/resolvers/iresolver.py,other,P4,low,unreviewed,pending,pending triage,GPL-3.0 study-only: do not copy source into PQTS without explicit license decision.,11078,295,b8d34363ed11b5f241174fcdb21155586a5a785a973bdf86f54f88e8b3adef30,Review after higher-priority assimilation phases.
freqtrade/freqtrade,e00a1fd28c03,freqtrade/resolvers/pairlist_resolver.py,other,P4,low,unreviewed,pending,pending triage,GPL-3.0 study-only: do not copy source into PQTS without explicit license decision.,1673,57,4c1729fd6049396ca31b0f8ffd95ec8c6d75cca039e8b571e927be66a10b7b58,Review after higher-priority assimilation phases.
freqtrade/freqtrade,e00a1fd28c03,freqtrade/resolvers/protection_resolver.py,other,P4,low,unreviewed,pending,pending triage,GPL-3.0 study-only: do not copy source into PQTS without explicit license decision.,1235,44,6c52dafcad7d35007d11558b11a41f2f82b14db7cae021c5a5265b049c7489f0,Review after higher-priority assimilation phases.
freqtrade/freqtrade,e00a1fd28c03,freqtrade/resolvers/strategy_resolver.py,other,P4,low,unreviewed,pending,pending triage,GPL-3.0 study-only: do not copy source into PQTS without explicit license decision.,13687,327,6f585c87ddf9bda9508e0d8caf09ce8cbbe5b624c512a8ad888610ea1139b379,Review after higher-priority assimilation phases.
freqtrade/freqtrade,e00a1fd28c03,freqtrade/system/__init__.py,other,P4,low,unreviewed,pending,pending triage,GPL-3.0 study-only: do not copy source into PQTS without explicit license decision.,384,9,5224bc6213cd21bf88aa7c893da22c8d42b6084356fb16a4be8641d0d09c36b7,Review after higher-priority assimilation phases.
freqtrade/freqtrade,e00a1fd28c03,freqtrade/system/asyncio_config.py,other,P4,low,unreviewed,pending,pending triage,GPL-3.0 study-only: do not copy source into PQTS without explicit license decision.,236,10,ac20a35cd9938e9337ae0e9fa18a9af67d49d4d45dfce1a64b351be18fae8c98,Review after higher-priority assimilation phases.
freqtrade/freqtrade,e00a1fd28c03,freqtrade/system/gc_setup.py,other,P4,low,unreviewed,pending,pending triage,GPL-3.0 study-only: do not copy source into PQTS without explicit license decision.,458,18,14e113efa7cffaf95d7b2bc078d8adf2507c11ff4e2f311763459e8134792ff9,Review after higher-priority assimilation phases.
freqtrade/freqtrade,e00a1fd28c03,freqtrade/system/set_mp_start_method.py,other,P4,low,unreviewed,pending,pending triage,GPL-3.0 study-only: do not copy source into PQTS without explicit license decision.,454,14,5009e6eb31ded4cdb0884de07e66fe37470fadb4619070f86d4bbf8f68b3734a,Review after higher-priority assimilation phases.
freqtrade/freqtrade,e00a1fd28c03,freqtrade/system/version_info.py,other,P4,low,unreviewed,pending,pending triage,GPL-3.0 study-only: do not copy source into PQTS without explicit license decision.,434,15,716b53189be429e94c1fb3bede70fdd5aa17def77c3a019cc9c1e0c02929a602,Review after higher-priority assimilation phases.
freqtrade/freqtrade,e00a1fd28c03,freqtrade/util/__init__.py,other,P4,low,unreviewed,pending,pending triage,GPL-3.0 study-only: do not copy source into PQTS without explicit license decision.,1594,66,e78eee4b83d3d674618bbd40c21cc37b8683eb1f36be215d0ebd8b59160da335,Review after higher-priority assimilation phases.
freqtrade/freqtrade,e00a1fd28c03,freqtrade/util/coin_gecko.py,other,P4,low,unreviewed,pending,pending triage,GPL-3.0 study-only: do not copy source into PQTS without explicit license decision.,410,13,714452fbc6843263422bb43c608227a81ce322712f95ede5c1ea0821f8782f34,Review after higher-priority assimilation phases.
freqtrade/freqtrade,e00a1fd28c03,freqtrade/util/datetime_helpers.py,other,P4,low,unreviewed,pending,pending triage,GPL-3.0 study-only: do not copy source into PQTS without explicit license decision.,3219,126,97480d592d16171ea78b4b4ed0e452b55c356762eefb8e0214aa333bcef78517,Review after higher-priority assimilation phases.
freqtrade/freqtrade,e00a1fd28c03,freqtrade/util/dry_run_wallet.py,other,P4,low,unreviewed,pending,pending triage,GPL-3.0 study-only: do not copy source into PQTS without explicit license decision.,418,12,525217720db53904c3b7fe01cddc94496f0d8fa6f035bbf550814d0cfd85da79,Review after higher-priority assimilation phases.
freqtrade/freqtrade,e00a1fd28c03,freqtrade/util/formatters.py,other,P4,low,unreviewed,pending,pending triage,GPL-3.0 study-only: do not copy source into PQTS without explicit license decision.,3132,98,580cc87d42e6464c3680f0d8757faeb316fffb0365268ed58fb9734322a73403,Review after higher-priority assimilation phases.
freqtrade/freqtrade,e00a1fd28c03,freqtrade/util/ft_precise.py,other,P4,low,unreviewed,pending,pending triage,GPL-3.0 study-only: do not copy source into PQTS without explicit license decision.,338,13,0338b928d761ad076f79ce6cb49a4894723170f79d7894212504e248de6fee07,Review after higher-priority assimilation phases.
freqtrade/freqtrade,e00a1fd28c03,freqtrade/util/ft_ttlcache.py,other,P4,low,unreviewed,pending,pending triage,GPL-3.0 study-only: do not copy source into PQTS without explicit license decision.,332,12,4ad9491cf54bdbc40a09e0c53591ffc13ee84a8324dfb92c8fe5e81b4c21f783,Review after higher-priority assimilation phases.
freqtrade/freqtrade,e00a1fd28c03,freqtrade/util/measure_time.py,other,P4,low,unreviewed,pending,pending triage,GPL-3.0 study-only: do not copy source into PQTS without explicit license decision.,1333,45,47677fd9065bdd329e32189d84cfc02bde60394c17fb522fc4ad405304aea3b1,Review after higher-priority assimilation phases.
freqtrade/freqtrade,e00a1fd28c03,freqtrade/util/migrations/__init__.py,other,P4,low,unreviewed,pending,pending triage,GPL-3.0 study-only: do not copy source into PQTS without explicit license decision.,719,20,a705312186256b44d3ea55d2ce294a0216830bafe2a9c6104e7a9006df9d678c,Review after higher-priority assimilation phases.
freqtrade/freqtrade,e00a1fd28c03,freqtrade/util/migrations/funding_rate_mig.py,other,P4,low,unreviewed,pending,pending triage,GPL-3.0 study-only: do not copy source into PQTS without explicit license decision.,772,26,699c33d3ae9273aa2dc120f24f621847eac007887b6e2504afa2a23045949e1d,Review after higher-priority assimilation phases.
freqtrade/freqtrade,e00a1fd28c03,freqtrade/util/migrations/migrate_wallet_history.py,other,P4,low,unreviewed,pending,pending triage,GPL-3.0 study-only: do not copy source into PQTS without explicit license decision.,8822,214,c397ab4e069b0933c321e125f84993583e4ee8a7bd9ce6f6567592d29c677ea9,Review after higher-priority assimilation phases.
freqtrade/freqtrade,e00a1fd28c03,freqtrade/util/periodic_cache.py,other,P4,low,unreviewed,pending,pending triage,GPL-3.0 study-only: do not copy source into PQTS without explicit license decision.,564,19,294624ecac5995bc29374cad413702a02978d59e422adca1ac72681ee12d0db6,Review after higher-priority assimilation phases.
freqtrade/freqtrade,e00a1fd28c03,freqtrade/util/progress_tracker.py,other,P4,low,unreviewed,pending,pending triage,GPL-3.0 study-only: do not copy source into PQTS without explicit license decision.,878,37,d68b00bb4ee3cfb265a5668a4cdcfe563ab7afefca47f9922936615915da3f9e,Review after higher-priority assimilation phases.
freqtrade/freqtrade,e00a1fd28c03,freqtrade/util/rich_progress.py,other,P4,low,unreviewed,pending,pending triage,GPL-3.0 study-only: do not copy source into PQTS without explicit license decision.,1727,58,23235a1048b92e29ca1cd6998b226abbb29aad323b0f59f4773cead977f76382,Review after higher-priority assimilation phases.
freqtrade/freqtrade,e00a1fd28c03,freqtrade/util/rich_tables.py,other,P4,low,unreviewed,pending,pending triage,GPL-3.0 study-only: do not copy source into PQTS without explicit license decision.,2035,74,ee1c8f8fd9b430650df0bf753429721243d7a1f364443d7d24ca9846235b657e,Review after higher-priority assimilation phases.
freqtrade/freqtrade,e00a1fd28c03,freqtrade/util/singleton.py,other,P4,low,unreviewed,pending,pending triage,GPL-3.0 study-only: do not copy source into PQTS without explicit license decision.,423,16,b7e7e711a24b3d08737b412cf5b85d5ed6bcef6206a4415c29a2cc44137630b2,Review after higher-priority assimilation phases.
freqtrade/freqtrade,e00a1fd28c03,freqtrade/util/template_renderer.py,other,P4,low,unreviewed,pending,pending triage,GPL-3.0 study-only: do not copy source into PQTS without explicit license decision.,924,30,7da87d82e5851415b65751ce4a3bdfaec72c16461b577d2845841637476f75e0,Review after higher-priority assimilation phases.
freqtrade/freqtrade,e00a1fd28c03,freqtrade/vendor/__init__.py,other,P4,low,unreviewed,pending,pending triage,GPL-3.0 study-only: do not copy source into PQTS without explicit license decision.,0,0,e3b0c44298fc1c149afbf4c8996fb92427ae41e4649b934ca495991b7852b855,Review after higher-priority assimilation phases.
freqtrade/freqtrade,e00a1fd28c03,freqtrade/vendor/qtpylib/__init__.py,other,P4,low,unreviewed,pending,pending triage,GPL-3.0 study-only: do not copy source into PQTS without explicit license decision.,0,0,e3b0c44298fc1c149afbf4c8996fb92427ae41e4649b934ca495991b7852b855,Review after higher-priority assimilation phases.
freqtrade/freqtrade,e00a1fd28c03,freqtrade/vendor/qtpylib/indicators.py,other,P4,low,unreviewed,pending,pending triage,GPL-3.0 study-only: do not copy source into PQTS without explicit license decision.,19688,681,39de0b1a666c05e0c11034c993eb96212eb505d20d630712c4bb503008609760,Review after higher-priority assimilation phases.
freqtrade/freqtrade,e00a1fd28c03,freqtrade/worker.py,other,P4,low,unreviewed,pending,pending triage,GPL-3.0 study-only: do not copy source into PQTS without explicit license decision.,8752,239,7a4466dc8c2eae8851f45831f99d300fbcd09bac071015f6598377e4163a5e5a,Review after higher-priority assimilation phases.
freqtrade/freqtrade,e00a1fd28c03,ft_client/LICENSE,other,P4,low,unreviewed,pending,pending triage,GPL-3.0 study-only: do not copy source into PQTS without explicit license decision.,35141,674,589ed823e9a84c56feb95ac58e7cf384626b9cbf4fda2a907bc36e103de1bad2,Review after higher-priority assimilation phases.
freqtrade/freqtrade,e00a1fd28c03,ft_client/MANIFEST.in,other,P4,low,unreviewed,pending,pending triage,GPL-3.0 study-only: do not copy source into PQTS without explicit license decision.,47,4,f7c1eec461a993d7f2ca18298ea6d3afb47840e050e809924a8b82d070bd484f,Review after higher-priority assimilation phases.
freqtrade/freqtrade,e00a1fd28c03,ft_client/README.md,other,P4,low,unreviewed,pending,pending triage,GPL-3.0 study-only: do not copy source into PQTS without explicit license decision.,304,7,13aa199c496ba339b9194e72f19b1961277beb860f3caf2ed97fb29feb976313,Review after higher-priority assimilation phases.
freqtrade/freqtrade,e00a1fd28c03,ft_client/freqtrade_client/__init__.py,other,P4,low,unreviewed,pending,pending triage,GPL-3.0 study-only: do not copy source into PQTS without explicit license decision.,1042,37,a1a298310bab2b86e2bfbf73a43b1467f888ad5d0af0a51a85d4569180e10a69,Review after higher-priority assimilation phases.
freqtrade/freqtrade,e00a1fd28c03,ft_client/freqtrade_client/ft_client.py,other,P4,low,unreviewed,pending,pending triage,GPL-3.0 study-only: do not copy source into PQTS without explicit license decision.,3630,124,a38d6212377fc6591c3110b1d3d0301aba8a13c4315eb42ab18180feb20778eb,Review after higher-priority assimilation phases.
freqtrade/freqtrade,e00a1fd28c03,ft_client/freqtrade_client/ft_rest_client.py,other,P4,low,unreviewed,pending,pending triage,GPL-3.0 study-only: do not copy source into PQTS without explicit license decision.,15613,512,558873ddd2b1c65312ba5b3d387b02254669c1893fdb5a56f38a2ebf386199f4,Review after higher-priority assimilation phases.
freqtrade/freqtrade,e00a1fd28c03,ft_client/pyproject.toml,other,P4,low,unreviewed,pending,pending triage,GPL-3.0 study-only: do not copy source into PQTS without explicit license decision.,1357,53,dfb039d37bbbfadeefcc0be72cc820ae12423cbd781b2b0c6de0d643407d816e,Review after higher-priority assimilation phases.
freqtrade/freqtrade,e00a1fd28c03,ft_client/requirements.txt,other,P4,low,unreviewed,pending,pending triage,GPL-3.0 study-only: do not copy source into PQTS without explicit license decision.,84,3,5e17d5da7ed734b17cae93b13105f98f224680621dc12afc369e3c86d58aa34c,Review after higher-priority assimilation phases.
freqtrade/freqtrade,e00a1fd28c03,ft_client/test_client/__init__.py,other,P4,low,unreviewed,pending,pending triage,GPL-3.0 study-only: do not copy source into PQTS without explicit license decision.,0,0,e3b0c44298fc1c149afbf4c8996fb92427ae41e4649b934ca495991b7852b855,Review after higher-priority assimilation phases.
freqtrade/freqtrade,e00a1fd28c03,ft_client/test_client/test_rest_client.py,other,P4,low,unreviewed,pending,pending triage,GPL-3.0 study-only: do not copy source into PQTS without explicit license decision.,7363,211,fbb52fe0587a637dbbbb21ab2f2bedd1a873d9935a6bacf0c89b6363306412d6,Review after higher-priority assimilation phases.
freqtrade/freqtrade,e00a1fd28c03,scripts/rest_client.py,other,P4,low,unreviewed,pending,pending triage,GPL-3.0 study-only: do not copy source into PQTS without explicit license decision.,287,14,9cbceca589720e6b529d0b07e33f2a6d4c31c7ecbe50ac84bbaf7160cc80eb27,Review after higher-priority assimilation phases.
freqtrade/freqtrade,e00a1fd28c03,scripts/ws_client.py,other,P4,low,unreviewed,pending,pending triage,GPL-3.0 study-only: do not copy source into PQTS without explicit license decision.,9541,322,c3c90e7b05b554f0e008d09fd4d4588def9287bba7d374592fb1d81ed613e8ef,Review after higher-priority assimilation phases.
freqtrade/freqtrade,e00a1fd28c03,user_data/data/.gitkeep,other,P4,low,unreviewed,pending,pending triage,GPL-3.0 study-only: do not copy source into PQTS without explicit license decision.,0,0,e3b0c44298fc1c149afbf4c8996fb92427ae41e4649b934ca495991b7852b855,Review after higher-priority assimilation phases.
freqtrade/freqtrade,e00a1fd28c03,user_data/logs/.gitkeep,other,P4,low,unreviewed,pending,pending triage,GPL-3.0 study-only: do not copy source into PQTS without explicit license decision.,0,0,e3b0c44298fc1c149afbf4c8996fb92427ae41e4649b934ca495991b7852b855,Review after higher-priority assimilation phases.
freqtrade/freqtrade,e00a1fd28c03,user_data/notebooks/.gitkeep,other,P4,low,unreviewed,pending,pending triage,GPL-3.0 study-only: do not copy source into PQTS without explicit license decision.,0,0,e3b0c44298fc1c149afbf4c8996fb92427ae41e4649b934ca495991b7852b855,Review after higher-priority assimilation phases.
